participant_id,session,region,hemisphere,lw_cr_hz,fiterr_gaba_water,fiterr_gaba_cr,fiterr_glx_water,fiterr_glx_cr,gaba_cr,glx_cr,snr_cr
sub-001,1,AUD,L,9.77030976231865,2.9695712323856,3.28122557800227,3.15117882311226,3.44644976240122,0.14091012078944,0.133839813195764,116.870655053155
sub-001,1,AUD,R,11.0144352720293,3.22110820344156,3.39518980401688,2.90130199817943,3.09343321112023,0.142319251443373,0.125916524603241,118.206850228609
sub-001,1,SM,L,8.79656375766316,3.59619882964938,3.87888064184737,3.7981162090872,4.06678690725954,0.160203154449163,0.123642405024742,126.188285551539
sub-001,1,SM,R,9.32423154969421,3.48674440785265,3.99660521707165,7.42268719627975,7.67539913680376,0.201933507911003,0.0790511025823435,126.835875730524
sub-001,1,VV,L,11.2968201291362,3.77611077790992,3.9201431046879,3.74060197765194,3.88595065709772,0.115643588711264,0.124828824709871,84.965696985319
sub-001,1,VV,R,11.8232858478451,4.61528196131375,4.75381024708429,4.9505303654424,5.07992472208228,0.141550335516885,0.104098941348281,89.6855348952911
sub-001,2,AUD,L,9.09721831186809,3.36323403339601,3.60609508098049,3.06183567580474,3.32677265158129,0.132457493581175,0.148662941947686,120.550722823735
sub-001,2,AUD,R,10.9792738901159,3.7959454520416,3.91721747979655,2.70535931089677,2.87304018597098,0.127712141536272,0.138734849896037,95.4058560990653
sub-001,2,SM,L,8.64012705645675,3.27979883957565,3.70803455669094,3.10929272410968,3.55810920149085,0.149237971883238,0.133285699813683,90.6889522821045
sub-001,2,SM,R,8.89774141762689,3.1962401091674,3.4025112112283,5.72792924667131,5.84553720045954,0.162086665498385,0.0989502643743398,75.4372217929185
sub-001,2,VV,L,9.56618769035116,3.38973454774204,3.6726849773323,3.71415701838368,3.97407561525635,0.119365680178916,0.145641385139344,110.045584954447
sub-001,2,VV,R,11.5009418019154,4.78299522110275,4.93781478158451,4.54011481716063,4.7029367511316,0.140395721347457,0.135480020904784,68.1796952721431
sub-002,1,AUD,L,11.216216105067,3.80071778181354,3.93074672256867,2.93789298256269,3.10427597307035,0.0926602839772254,0.117883731740622,124.046712182158
sub-002,1,AUD,R,9.84455939044849,3.17246146897246,3.36401563574662,3.65505355187402,3.82249995323738,0.105439261503668,0.100130105665672,180.688798238282
sub-002,1,SM,L,9.94219191897179,3.17033493600102,3.44159722314155,4.50792254140234,4.70265174972486,0.130754598264819,0.107388929056835,89.8717935881239
sub-002,1,SM,R,9.10413322910555,2.71044396576183,3.14137089284602,5.72630510886204,5.94241321305284,0.138470766419438,0.0754179340417669,200.454045422256
sub-002,1,VV,L,12.6528718136623,9.70209755403177,9.86034698673027,9.53128684353381,9.69232555398818,0.117937767502111,0.118582421946987,113.799074676502
sub-002,1,VV,R,13.4623778448472,5.03012435798012,5.17266189093331,4.40385030954422,4.56598045659873,0.101078180694336,0.14680337326078,110.058004916562
sub-002,2,AUD,L,12.2052963285976,4.84880222970135,4.89487720911258,3.95427439974335,4.01063908348764,0.127682732454727,0.117546785381331,115.153405841554
sub-002,2,AUD,R,11.6556977232525,4.78135771538349,4.9246000485158,3.48258518995169,3.67677897631275,0.0917673365465173,0.102546357733844,132.388942745953
sub-002,2,SM,L,8.63699475241319,3.25130417034153,3.51550144543155,5.20562186478849,5.37459492463526,0.124275378081578,0.104638262616589,118.560301629174
sub-002,2,SM,R,8.0198187613307,3.82037429612351,4.10542955805546,5.91663701016607,6.10457906851416,0.121302453662338,0.0935130820809634,144.764192760027
sub-002,2,VV,L,10.5430119957816,4.47831729305994,5.07792873417018,3.64613108088046,4.36168617749534,0.0967843410988256,0.113491427937296,87.6627106042573
sub-002,2,VV,R,11.967844502405,4.64703981898329,4.76928683166843,2.86105352194666,3.05560878696096,0.0655057837616261,0.120121328791097,90.5793054701201
sub-003,1,AUD,L,11.2409441452084,3.26193815946244,3.38886575014187,4.7149704427569,4.80365660641959,0.103289707367462,0.105349183544019,112.589604978603
sub-003,1,AUD,R,10.1434873689554,2.81725315814316,2.9494454154982,4.48495911824656,4.5691543193767,0.124594664517904,0.0889258317701048,140.779534808991
sub-003,1,SM,L,9.58850774703272,3.09816437557848,3.44162877296818,8.75769078501952,8.8850061338659,0.143724879201038,0.0925437577056401,131.96246680482
sub-003,1,SM,R,8.68291735413754,3.24987950100024,3.68381454531157,5.00329366703066,5.29544335743256,0.157004901801666,0.0701019437978855,121.629754133177
sub-003,1,VV,L,13.4680077343518,3.75072082971777,4.01579902565831,3.90172960450775,4.15719003398829,0.112952441972058,0.0959124491557314,103.661210223617
sub-003,1,VV,R,8.84695570018127,3.47886575478331,3.77079813014066,2.47174659387746,2.86809044885495,0.102183060790802,0.104777077944807,150.925146799653
sub-003,2,AUD,L,9.92499396161332,3.45145122274701,3.59338610240396,5.34893327370784,5.44159859825465,0.101354762198403,0.0966780553522767,141.951180602437
sub-003,2,AUD,R,9.6178192156794,3.93839485050323,3.99438169811531,4.68182711952435,4.72902065219447,0.117966433663211,0.0868566106759422,146.595921745926
sub-003,2,SM,L,8.86175472379432,4.42905569255517,4.69840044661155,4.6428651172502,4.90047231661837,0.127107620137031,0.0890137993300711,146.960329048082
sub-003,2,SM,R,10.1241945878358,2.75874651504576,3.15829749692336,4.69714566100378,4.9424020582589,0.12511229404317,0.0864283001756695,117.721051375715
sub-003,2,VV,L,9.30314726198085,5.3757871233013,5.50720945575788,3.71576636415781,3.90348414465122,0.0778899323423307,0.102249865746492,115.021486543102
sub-003,2,VV,R,8.26709297042616,4.80673308564103,4.90308728817454,4.77626586163824,4.87322250465886,0.096346427570563,0.0997651008825072,145.769957527766
sub-004,1,AUD,L,14.3175087303671,3.85498466551474,3.98904177485104,4.09973998410175,4.22604016159284,0.0939473736821399,0.0945450650797212,95.2400043111213
sub-004,1,AUD,R,12.9259734103184,2.8638638651136,3.03892508610287,4.01317477459883,4.13991802002386,0.123119063859201,0.0862063311145896,102.587857242078
sub-004,1,SM,L,9.87997104025175,4.36292350814246,4.59145585776854,5.42701769139986,5.61238687001368,0.138232219693033,0.0773760642063213,91.3701848501442
sub-004,1,SM,R,11.5501863715067,4.23383090151394,4.42111267480226,4.65235690447885,4.82341558932411,0.149010735886591,0.0728905888692676,103.344308905861
sub-004,1,VV,L,9.09480086898149,3.53319251559228,3.75991410396718,4.72992866743289,4.90160483066287,0.133934672992527,0.0994637950425064,159.885313655961
sub-004,1,VV,R,10.5355022802603,3.01444153287925,3.37773697909486,4.23821691922185,4.50385745768845,0.133706489328681,0.0713362132711198,164.043460666389
sub-004,2,AUD,L,12.0427981816923,3.26985083341552,3.431446896657,4.89495594011449,5.0043478084013,0.121008098954766,0.0954440654184641,105.369001093544
sub-004,2,AUD,R,16.4019857567161,5.71925633444217,5.83018949494248,5.5761410044396,5.6898651152091,0.108495965769324,0.0917611628322772,58.700057116587
sub-004,2,SM,L,9.05097426736616,3.62296423163513,3.92160392327149,5.29430422135121,5.50297780256545,0.12647730297446,0.100927316885055,112.360252424249
sub-004,2,SM,R,8.11640680122408,3.87086207900491,4.0687105396882,8.30511052605326,8.39914835391376,0.141461564647634,0.0859284654423169,111.731290099528
sub-004,2,VV,L,8.56830819111485,4.0949515479094,4.26668462807254,4.47815841116369,4.63571702017941,0.106421604057946,0.120420028807897,85.4657238424384
sub-004,2,VV,R,8.76995807933993,3.48229617954062,3.63723136098654,5.4173778791817,5.51824685721363,0.119246044675563,0.0948226802781823,154.345867663683
sub-005,1,AUD,L,15.2573525272634,3.46309280101343,3.7005033603656,3.80722070505416,4.02438105410498,0.112031713013746,0.103899223875588,104.814658486386
sub-005,1,AUD,R,10.2891651172664,2.54253282301122,2.96072579802188,3.55288770855262,3.86321565079755,0.138259528645879,0.107432538815816,154.108791639488
sub-005,1,SM,L,9.87473798367092,3.42988424918792,4.08424882506558,5.50221467705462,5.93222966974624,0.157416888007311,0.0985122797831657,168.662000537348
sub-005,1,SM,R,10.2891158545507,3.5774001819979,4.04442583788668,5.91263852923047,6.20635824564997,0.159910657131514,0.081412536559757,147.631368531603
sub-005,1,VV,L,12.4805977276343,4.18801284186326,4.41386890713729,5.07105414967661,5.25912324962385,0.10854382827368,0.119979513180396,131.374624828189
sub-005,1,VV,R,9.85278682967886,2.70409245711833,3.16587897559568,3.10311781945912,3.51283558865473,0.138086836695426,0.104508724621325,159.279603403418
sub-005,2,AUD,L,12.8598365730054,3.93918882097848,4.10699640609385,2.67109117507315,2.91289185825696,0.102458578092948,0.112189914597932,122.814835182766
sub-005,2,AUD,R,9.12197327412091,2.48773649463908,2.81389020636413,2.89983178080393,3.1840492432865,0.129185535713238,0.111001839991423,183.883594440739
sub-005,2,SM,L,9.22141835876555,3.26957417850546,3.60368122712136,6.08848894872257,6.27424105025254,0.163539715043777,0.115448675253393,128.370992991038
sub-005,2,SM,R,10.5705919892943,4.11741053114078,4.61590951605463,7.56543194710775,7.84788581241938,0.160336538164734,0.0917504492337066,86.357908544854
sub-005,2,VV,L,8.31938030514568,4.87404732783307,5.10199506808279,5.31925546560076,5.52887827946212,0.121779278605038,0.119777117642853,134.929389064917
sub-005,2,VV,R,9.21630691518336,3.83507908439762,3.99118106308647,3.65213269926413,3.81572639844502,0.118495843236265,0.116591864590034,116.047902171869
sub-006,1,AUD,L,10.5512973047502,4.80302561068804,4.89031700773302,3.45964113913704,3.57984109016128,0.133641963093072,0.122534225128726,123.601505622683
sub-006,1,AUD,R,10.4132703341995,3.16192574403147,3.29347697076895,2.97384351286738,3.11335211391834,0.134483831171919,0.111216427043704,160.129984373503
sub-006,1,SM,L,8.78965541250923,3.64704291147782,3.96293137991653,4.90429311485559,5.14353906179261,0.13646443086892,0.102968610387617,156.824387341661
sub-006,1,SM,R,8.95075114347869,3.25067945967666,3.61874946416888,4.8741319072658,5.12694768690742,0.144119620586274,0.0821124054628162,153.84180614403
sub-006,1,VV,L,8.9530379993583,4.28850995484838,4.52098762941317,4.09975129426531,4.34234639190649,0.121975835928777,0.128510132109082,124.719960204829
sub-006,1,VV,R,8.76811002011369,2.40223016732514,2.79207055524302,4.81248366605625,5.01846064492951,0.146842287804327,0.0889363066891183,127.420633825467
sub-006,2,AUD,L,11.5281220471117,4.26126063632147,4.58255510470284,7.78467030281119,7.96508385394941,0.110053307729283,0.0906422879622061,95.791379738225
sub-006,2,AUD,R,11.8873159922549,4.0993559173509,4.18500047478328,3.87317927560904,3.96371388193242,0.114130375763076,0.11942284561794,80.2333445820798
sub-006,2,SM,L,8.23391795403665,3.98995675105372,4.21096804429801,5.31435472676959,5.48223158547303,0.145123695095994,0.116450906808465,98.0874613795803
sub-006,2,SM,R,6.78234608554782,6.32199872932111,6.3843558635982,5.83042030157466,5.89797700508716,0.124749907249575,0.19107861172491,73.7554138073225
sub-006,2,VV,L,9.62354960916915,3.8854125091653,4.04298654451605,5.93597553491243,6.04029100158582,0.120173703394777,0.102012406787145,109.545769847939
sub-006,2,VV,R,10.8817867675795,3.0544607255902,3.12807162741654,4.38316512055007,4.4347760096855,0.112458691607394,0.0912207439693519,146.89436402174
sub-007,1,AUD,L,10.9257753951316,3.30578118676887,3.61767605127296,4.53569858347069,4.76780372889414,0.114746793930566,0.104718802170645,126.467879582593
sub-007,1,AUD,R,15.6146934589504,3.73530123390863,3.85378481206965,4.98053335144023,5.06999946099679,0.114914720481208,0.0755070526450649,90.8199459007704
sub-007,1,SM,L,11.3953273437461,2.7389969713125,3.3090385888675,3.63874774053672,4.08510918985237,0.127593801543708,0.0875356213442874,103.906432137019
sub-007,1,SM,R,9.19081988777575,3.99475100167756,4.31041840533994,5.0309204442993,5.28505740560669,0.162344123314786,0.0730059808100793,139.419717210547
sub-007,1,VV,L,12.6033508522838,3.02171390588892,3.22196921488235,3.7112188159864,3.87601287313892,0.132396973549985,0.115417552703327,95.6053040532734
sub-007,1,VV,R,13.441725775109,3.30539904239497,3.51331946440634,5.16815086005721,5.30353977469963,0.131741406964375,0.127303825165831,92.6897478136332
sub-007,2,AUD,L,11.4386558087768,3.52098683774925,3.83430846554017,3.58041237597232,3.88894919989003,0.129042762733537,0.116034194509241,114.984813465393
sub-007,2,AUD,R,15.5002291093444,4.01586865692417,4.30606947681728,2.68705315720797,3.10407602019874,0.105022185185637,0.0833462805235743,109.079845183269
sub-007,2,SM,L,8.6518334069372,4.1890832093756,4.48949432394115,4.56698370745689,4.84401500140161,0.144369104606117,0.115120425143747,80.9656202324411
sub-007,2,SM,R,8.72659253912371,3.78450699244119,3.99354829556911,6.86071155112891,6.97820161653418,0.131083915154058,0.0867275603827348,145.811116107519
sub-007,2,VV,L,10.1928829455768,3.82476151350411,4.0956834053627,2.70570296285082,3.07679223298566,0.125150440996327,0.113247247317432,101.234765719619
sub-007,2,VV,R,12.4359126525666,2.85164452433497,2.88972137837377,2.97460393287299,3.01112631899165,0.107094321801545,0.104897720698452,95.5872683318
sub-008,1,AUD,L,13.3431690608733,3.36474279020211,3.66236461764157,2.70423955680915,3.06664835430265,0.0902134021881658,0.0979344678037475,128.081245455872
sub-008,1,AUD,R,10.5500864762006,3.12922693349625,3.69379000056929,3.04011375166074,3.6186067747165,0.0978348196615168,0.0841768758064385,162.253388850471
sub-008,1,SM,L,10.0733802632626,5.38524831233823,5.82250968379405,6.15475636037621,6.54077560293312,0.127179950621378,0.0859215238671851,144.920211145621
sub-008,1,SM,R,9.29008901895062,3.31750907724608,4.16678601335368,3.9997375998903,4.72801650498874,0.110689971221313,0.0875710573151677,244.138118905436
sub-008,1,VV,L,12.2458384347873,2.9624829516942,3.72740086318343,3.39462684809027,4.0793018267293,0.0869655715873465,0.0928228153948957,114.440908307539
sub-008,1,VV,R,12.7640661969564,3.76261371035537,4.29779336808893,3.59906275484906,4.15536022683674,0.0882233476269991,0.0919101328333187,132.474787439839
sub-008,2,AUD,L,11.5357157541956,3.51535027451364,3.94394649997765,5.02869092994673,5.33711147635979,0.0922063136252519,0.0992677662148267,140.33458035554
sub-008,2,AUD,R,13.131600560224,1.93162866901559,2.47670921158976,2.88173703818984,3.2722022494164,0.0927749071427721,0.0866050743753703,136.851998654713
sub-008,2,SM,L,9.52685746979329,4.55357558839349,5.02249165591835,3.78721609671308,4.33974395071402,0.132273555503313,0.0847994079719668,117.56085335005
sub-008,2,SM,R,9.89691581123244,4.60385687950249,4.975687748014,5.16277180243847,5.49692487513227,0.111367478281029,0.0699787661763768,124.85753058465
sub-008,2,VV,L,11.3978025961838,3.56359930518786,4.24549901729651,3.64070267858461,4.31042200854898,0.0960197810782262,0.0970766904468693,103.309490693063
sub-008,2,VV,R,11.9257655351416,4.58988771016176,4.88608298617938,4.52550737649376,4.82565589020156,0.0910195883711935,0.0715312218005713,108.651849080011
sub-009,1,AUD,L,14.0425575548591,7.68379694596623,7.72402628473261,5.53661874405486,5.59231558993409,0.0923063445622913,0.0917326814083089,93.019836230789
sub-009,1,AUD,R,11.5387559512727,3.01406434906722,3.23865872984588,5.48239817833201,5.60901205684807,0.135455328159615,0.098848485698025,115.402564380674
sub-009,1,SM,L,11.286828982103,3.8033384620858,4.05008081494745,4.67510718050286,4.8779502149585,0.113753776908918,0.0968845630165889,118.478668826933
sub-009,1,SM,R,9.13303732203599,3.8883018127658,4.14805000274395,3.37594304128826,3.67211373137175,0.135385041177494,0.0818930588378234,135.539728956448
sub-009,1,VV,L,17.3557267193348,5.57844789372716,5.70851451515388,6.06183803862869,6.18174226842719,0.0812130431243965,0.0915381961731226,53.6494926336304
sub-009,1,VV,R,11.6434091772733,4.1104812313394,3.68234368836407,5.78230070265607,5.48621914454554,0.121198125264249,0.0933963931721027,101.20705371685
sub-009,2,AUD,L,11.717030368311,2.96674381497984,3.10209399085551,1.98036264077839,2.17790138743044,0.106446736041045,0.112345585033209,92.7865904478997
sub-009,2,AUD,R,11.9666740791988,4.29038531015677,4.4312180886365,5.38310137357059,5.49600473413077,0.107941462397176,0.103728589150672,79.6362144289231
sub-009,2,SM,L,8.49028989556124,3.04178380502003,3.25209067375438,5.05890117202671,5.18807537552909,0.11528859719698,0.092868465767622,108.591050470996
sub-009,2,SM,R,8.50186067374202,5.05659108890938,5.14077812219785,4.76860321773074,4.85778374460847,0.131264271850563,0.0739492021874838,95.5847459600242
sub-009,2,VV,L,9.32706705285538,7.34978201178516,7.38804992538198,5.95081389878194,5.99801401608167,0.0785682296680105,0.11725316063138,89.6470731460818
sub-009,2,VV,R,8.11532221106694,25.5134276921942,25.5230059508826,9.96916568975027,9.99365322160318,0.132549814852512,0.125662373555162,156.34105743173
sub-010,1,AUD,L,13.0729135876503,8.46775345743965,8.52975597327004,5.55744702486269,5.65146934714414,0.121996788285751,0.102463797879251,75.4714606066872
sub-010,1,AUD,R,9.69850120453627,2.73928470446754,3.06183274394261,3.9340746815745,4.16510295910616,0.11732381988055,0.0847927353992698,125.492446833692
sub-010,1,SM,L,10.1795100141743,3.48341399219481,4.06791102195648,8.25044360062764,8.51372695408268,0.162579536363038,0.0955904251666775,80.5791036678951
sub-010,1,SM,R,9.95505839197081,3.76233196271201,4.35636398537681,6.74198601766939,7.09063754805541,0.185073377338812,0.100057331871156,77.4172251927388
sub-010,1,VV,L,11.4876201620464,2.59220122656507,2.92188472795905,4.93412880563065,5.11502983715921,0.132732963006137,0.101502934710414,90.0993561210617
sub-010,1,VV,R,11.2855041213416,3.73143287431681,4.01929830065978,4.38883659969409,4.6360602059258,0.10956181209591,0.0819179225129242,99.571592266315
sub-010,2,AUD,L,15.2240622067966,6.08781461238035,6.15226834992644,6.56452278180414,6.62433984994886,0.107475805771138,0.0927526514664594,78.2011378966953
sub-010,2,AUD,R,10.5930468112743,4.08684708526035,4.24500920146183,4.78799263655554,4.92368332754094,0.12127011783993,0.0974396904200491,77.053219808931
sub-010,2,SM,L,7.99865885255772,5.01614544595942,5.25936294482822,4.35866205487261,4.63649850199469,0.168779465051729,0.125970481101072,92.9879877842592
sub-010,2,SM,R,8.32863448918785,4.63282029358839,4.90000300036463,7.60020012645731,7.76595438391828,0.15577945325693,0.0823235292530039,78.9602946605237
sub-010,2,VV,L,9.44394219937464,5.57950308513358,5.75692323730677,3.93624135197165,4.1839343283803,0.127936834211951,0.094095959954452,73.2122918022915
sub-010,2,VV,R,12.1023265224355,6.13151719708216,6.17393636815064,8.39617922999354,8.42720670222546,0.110726424414062,0.0891689612051222,62.7757656520987
sub-011,1,AUD,L,13.924621962017,3.72778446258103,3.87948443324508,3.41542086854067,3.58038017221543,0.114610587151623,0.122424342250243,88.2425583870713
sub-011,1,AUD,R,10.6909945923004,2.97817238691015,3.10893596291273,5.41740059423236,5.49037350767023,0.122313434638562,0.0912628406092104,144.147652068465
sub-011,1,SM,L,9.54922042372046,4.13087470519437,4.39527902682324,5.28416715330039,5.49333909363297,0.136416285617988,0.0912476605285332,126.685199685251
sub-011,1,SM,R,9.20201849704075,3.08051614790939,3.50842344058203,4.93858528588365,5.21623234977521,0.142373410286615,0.0711002834813789,134.718523190537
sub-011,1,VV,L,10.9317427707255,2.88299734116916,2.95492831878246,3.46910313993247,3.52910814448118,0.116539855943953,0.122256691705992,140.061897593866
sub-011,1,VV,R,9.18223823665288,3.24317165980908,3.38950404163237,4.80736183346675,4.90727042571797,0.106324229470185,0.115779530266044,104.515968248824
sub-011,2,AUD,L,14.5263839715122,4.76821155311285,4.82987066577548,5.33600725814892,5.39117637365887,0.0798766770171206,0.0957139695480174,74.3565675990099
sub-011,2,AUD,R,11.415369340553,4.09885126202644,4.18311902437742,3.0663227167643,3.17808717741306,0.106237443788357,0.10376496768032,111.074078465845
sub-011,2,SM,L,7.75499337165346,5.53231927061477,5.6708622660787,5.41747561102725,5.55888157140398,0.115833552467795,0.104311695741826,81.7984181954846
sub-011,2,SM,R,8.15411396076887,2.99787630237398,3.25105845096172,3.67341180841702,3.88279191323095,0.140814498729454,0.0915387052234916,111.477851843078
sub-011,2,VV,L,10.5773272124728,6.38776771715591,6.54141048241484,3.93002757937913,4.17511574280141,0.0873411406366193,0.0937905367498045,69.8407497423007
sub-011,2,VV,R,10.9942032304526,4.65657551697011,4.76830680970975,3.78995687583135,3.92642679887711,0.0828698648273939,0.0924763345676248,105.348871139505
sub-012,1,AUD,L,17.429868447473,4.81574467407269,4.8847065226656,3.93849655786625,4.02252609476144,0.100695536696326,0.106642645211162,86.5463832542573
sub-012,1,AUD,R,20.3937503374968,4.96341295289673,5.24818013453503,5.60073984760136,5.85458909096572,0.0645545407604963,0.0634624890718014,82.5027688535828
sub-012,1,SM,L,10.9392274765825,4.59577872873712,5.01240510767254,4.45383230757543,4.88258589928655,0.126404677915695,0.0901931839038828,115.72623349423
sub-012,1,SM,R,10.3735489375508,3.82056322775593,4.33997914504166,6.37377107637469,6.69803503545229,0.120298883937103,0.0774337463467434,118.599286442378
sub-012,1,VV,L,10.5077339663975,5.79569153989266,6.11745535969654,4.15534630525073,4.59348697275364,0.108634406442318,0.0858988565233744,134.982943756701
sub-012,1,VV,R,10.4624197475306,6.03901794824246,6.31220883344008,5.73282300985985,6.01992543476603,0.0959106186920773,0.0941371014120368,119.504391496799
sub-012,2,AUD,L,10.9418035404518,3.66624038541275,3.94437952874221,5.85889603709443,6.03684305548935,0.105058900266883,0.108851992794178,130.262798898767
sub-012,2,AUD,R,13.6424904920724,6.64911512147127,6.74073444413532,4.69915289463173,4.82791951827079,0.0777400984921374,0.0939386584937886,97.0816331574393
sub-012,2,SM,L,9.18331196928711,2.69877990528706,2.91333336919607,4.65661302239481,4.78415543050464,0.137012794734742,0.0979904872869248,110.305904907996
sub-012,2,SM,R,8.8108119265777,3.65135241364177,3.90496589251966,6.64106492084864,6.78381363659562,0.146130066062201,0.103805415412693,157.300780446798
sub-012,2,VV,L,9.0190342171692,6.91630881430963,7.01986168525725,2.92712772797465,3.16404917805076,0.101572354407141,0.113302490534013,128.448184162681
sub-012,2,VV,R,8.59232491859755,5.38426921341033,5.48344050059213,5.34144863750197,5.44140039954123,0.103838667627696,0.107424254096107,154.126947539454
sub-013,1,AUD,L,10.5655890887456,2.51636850639354,2.85718352206102,3.96366632299723,4.18832161358582,0.112602857897404,0.0985493772436483,156.005094172235
sub-013,1,AUD,R,11.3546205458706,3.01542116195328,3.16841830408774,3.93189420242567,4.05041995165824,0.128328350821828,0.0911372719742574,149.088185968513
sub-013,1,SM,L,10.5770906461814,3.17403823587761,3.40622890924852,7.88993053018766,7.98616806926667,0.150363770988558,0.0803264829754733,132.237732334789
sub-013,1,SM,R,9.64628239866843,4.44345238622102,4.75858585127487,9.12400644178293,9.28156041541704,0.139620631634185,0.0621459479703693,140.552604686088
sub-013,1,VV,L,10.3883730381538,3.57506286378499,3.8141111273345,2.60509084020267,2.92452859403873,0.095053890462804,0.0847850330895441,145.453568076236
sub-013,1,VV,R,9.54650876610433,2.96295065514532,3.25351651665822,3.923746089584,4.14753860920757,0.113217270274364,0.0933058503583661,134.566448084411
sub-013,2,AUD,L,8.44049578514765,3.11448630769292,3.2768129972034,3.66694757948522,3.80578283780446,0.1055916092794,0.113712654470053,188.840195316333
sub-013,2,AUD,R,9.79976183687069,2.74099910591974,2.88151409965498,5.02423490230297,5.10225281237386,0.117086621372894,0.0775976533856671,125.356281137282
sub-013,2,SM,L,8.42759194258812,3.25979488716295,3.66728520980128,4.48077717251638,4.7854030314486,0.148042437407395,0.0993136416563643,168.573231953214
sub-013,2,VV,R,8.02655603293588,4.65430313485324,4.80098250278543,3.32231025107868,3.52486038381234,0.108651049383671,0.0965484157634262,171.881028100429
sub-014,1,AUD,L,14.2595475041155,4.05330587195183,4.10808497212039,3.07018333819521,3.14214884699845,0.0949782614696714,0.0962712706980973,127.86128676217
sub-014,1,AUD,R,12.2389276609412,3.60126648425641,3.64153571453771,2.71114457774991,2.76441078551793,0.0890456060854396,0.100670876181733,125.216066178092
sub-014,1,SM,L,9.06393425329408,3.65563866767498,3.80549667263157,5.10169257499285,5.21012264601771,0.110166289228404,0.0815062691513465,132.686401191052
sub-014,1,SM,R,7.65897496261114,3.60462524510357,3.69605962570935,4.29280567795797,4.36986432144855,0.133769545705929,0.101035251689963,116.086157272021
sub-014,1,VV,L,9.80203809410477,2.53760176913168,2.72568841193827,3.79022682049433,3.91864439967049,0.110449536535821,0.120007679317056,145.007403604647
sub-014,1,VV,R,9.90013977321287,2.53144322476609,2.78155442786721,3.01824297044965,3.23088700880149,0.114863544537112,0.0876675802077263,141.039214070438
sub-014,2,AUD,L,9.96812970077946,3.65190316310466,3.79810886369164,3.76173807126865,3.90383241758546,0.118792730005895,0.0955056414842491,119.795937726006
sub-014,2,AUD,R,15.4459160187313,4.11933243446556,4.31584503073094,0.700213803408618,1.46557769979244,0.0849864267737548,79.9902084123468,93.1126751781321
sub-014,2,SM,L,10.0061306898792,4.38749094755811,4.78811285336841,5.59026172219439,5.90990473733031,0.144219278679901,0.0934085891212712,133.423022669398
sub-014,2,SM,R,7.8669036955371,2.98945292410833,3.22433477218102,5.86130020528213,5.98450883816509,0.133502892196104,0.0969117094469285,111.981648794401
sub-014,2,VV,L,11.5929999488069,3.27595211886955,3.31094324354082,3.58415444874289,3.61616454123235,0.0904727698552557,0.116628442101301,98.4028009125146
sub-014,2,VV,R,10.2237485115462,3.272584222521,3.37423450884962,4.16894045978385,4.24920175850019,0.112598725633596,0.0952543545208367,125.93269708127
sub-015,1,AUD,L,12.3054441608878,5.98443884602559,6.04918224656353,6.66908343561528,6.72724099624188,0.105890534983711,0.0931881656939597,109.508318766206
sub-015,1,AUD,R,10.7785434063542,2.82544469562533,3.08543811085675,3.59194291028437,3.79984795467294,0.122402842859977,0.0962680237630846,188.506989805489
sub-015,1,SM,L,9.37768857111638,4.83357687010652,5.00426852152385,7.75816071694606,7.86564020193212,0.140528844384317,0.076991950049886,128.69541417001
sub-015,1,SM,R,9.49511648357824,3.98805669436156,4.29314852715605,13.1164571235137,13.2124174756838,0.167000192594167,0.0554966030658616,136.098698296874
sub-015,1,VV,L,10.2175193815796,3.00418576021606,3.2763302740933,3.94903386564128,4.15981687758453,0.1221810482324,0.109513096620621,152.38587821163
sub-015,1,VV,R,11.5998316731291,3.32076192565011,3.47909500124269,4.46991371755518,4.58876572764533,0.12765760110603,0.0837539006880697,137.009602847144
sub-015,2,AUD,L,13.1635002377,5.80536662754565,6.05056599133319,6.90270063223919,7.11015774463354,0.103673622005658,0.0946704239388166,101.863592900103
sub-015,2,AUD,R,11.0031019480998,4.98003450034457,5.06466593062798,3.40251969619218,3.52522873686479,0.0849391269975693,0.109606264800569,104.656674832982
sub-015,2,SM,L,10.9506048995228,3.78146967365228,4.07203730440432,5.27422317103044,5.4862924615393,0.142436239201237,0.111848768536836,76.9458469202194
sub-015,2,SM,R,8.16244946174442,3.9117748035942,4.06173724819458,3.87250174885986,4.02392807518469,0.132919378424136,0.0973033066817527,116.581704082526
sub-015,2,VV,L,12.4987235740291,5.46222128298032,5.50990836952417,6.00309694840367,6.0465198145911,0.0942877113474085,0.09543943475227,113.270112953845
sub-015,2,VV,R,11.6120319181892,3.25614248925372,3.36580307348771,4.00821130875469,4.09779505524677,0.106665835698339,0.0927183851984649,99.140002979503
sub-016,1,AUD,L,11.584875233386,4.01401992253616,4.22781754501128,5.01460442083365,5.18732520214728,0.140785899760277,0.109736451761989,156.046999124459
sub-016,1,AUD,R,10.4991482938806,2.54885071625238,2.66708021350752,4.55205457080768,4.61929407021832,0.120671005032992,0.0860237372222741,137.54098489996
sub-016,1,SM,L,8.85784026580923,5.26382066316989,5.43782935500242,8.52392673409075,8.6324681921371,0.142488125017223,0.0914574241310858,123.506483686945
sub-016,1,SM,R,10.4028494436353,3.08011169268425,3.34196127473585,5.52070108230359,5.67095737619071,0.148034247708861,0.0781489880066292,160.301015925085
sub-016,1,VV,L,12.0959946859752,3.75785368007164,3.93495676110416,3.90690671731208,4.07754099043892,0.106891924820611,0.104068326239954,129.861000401862
sub-016,1,VV,R,14.2842068670953,2.71416697425247,3.07088135696716,3.96165866110455,4.21406564869964,0.114698926294624,0.108362660134466,91.9265075248324
sub-016,2,AUD,L,14.4369329953279,5.01120530972681,5.29366008013231,3.72797883187115,4.09981518591164,0.0725331836802866,0.230780416880968,101.510642462593
sub-016,2,AUD,R,9.61271080569757,3.35173029284,3.4477375690473,4.88322174777203,4.94961140161453,0.111983275142235,0.110433704310825,132.900463846585
sub-016,2,SM,L,8.1754232816414,4.75256404619128,4.97251472214069,5.2662727202734,5.46558926494222,0.133308301182238,0.106375341972423,125.896061587684
sub-016,2,SM,R,8.39954472400255,2.5034106383299,2.88703131344672,4.09379514606216,4.33901413671824,0.125951135126003,0.100492433131004,113.277917907784
sub-016,2,VV,L,13.6737882237028,3.34724924232182,3.43800190335346,5.28417561894215,5.34212425623559,0.104970604783996,0.105370673659459,89.8180635216615
sub-016,2,VV,R,10.8298960209266,4.62688324127145,4.7263589030834,5.36274806598158,5.44880599504023,0.130810011640042,0.0949084165471743,88.4457792290401
sub-017,1,AUD,L,14.5666308893582,2.60783798478133,3.00653835396902,3.4399012952362,3.75118312536006,0.112616284873525,0.0972975514103029,82.1117468140881
sub-017,1,AUD,R,11.0867152636142,3.29776359289379,3.53572006750596,4.03393075703699,4.2306818639219,0.113277299299075,0.10036060374394,128.219851859705
sub-017,1,SM,L,11.4006944859363,6.04450924933506,6.33763248296004,10.3417075981707,10.51572201372,0.129461458620161,0.0531583758391972,119.117657226269
sub-017,1,SM,R,8.7066842062271,3.21561452687997,3.71081444721318,3.48769571881897,3.94892244836902,0.153215589488902,0.0975401183739276,168.295473815694
sub-017,1,VV,L,13.5961113454977,6.06639654728044,6.12030483987102,4.55595100523342,4.62748893312346,0.118282705852065,0.0984456867926527,111.262104900912
sub-017,1,VV,R,11.1249396101708,2.03719362221782,2.60518877890868,3.36875539785048,3.73970101076188,0.127480166574593,0.0996032114069845,137.056210358075
sub-017,2,AUD,L,13.4168486593245,3.96748774350907,4.14152477838896,3.78737385599435,3.9693159637631,0.130541248254051,0.100724676740778,102.106852312649
sub-017,2,AUD,R,12.2114045489604,4.24412871122399,4.40646089520169,5.87669511219663,5.994982447449,0.10749650677912,0.136762382113683,92.7852369596327
sub-017,2,SM,L,9.03777603915061,2.85669452614489,3.20809721378855,5.43468295774374,5.62734066576761,0.15622915096437,0.0886501197358899,112.630225078758
sub-017,2,SM,R,9.02226304305335,2.57937488245761,2.86773590211843,4.74837127989475,4.91098403904708,0.133515400974112,0.0777789148751465,115.806730021773
sub-017,2,VV,L,11.6097863697831,2.71744962958526,2.78371233955073,3.77541629634433,3.82338725618218,0.102250619639422,0.108470737110793,100.311471880728
sub-017,2,VV,R,11.1358396235463,3.54147116690961,3.75472645863783,4.16778382960812,4.35044535691299,0.116574868416646,0.0923976783310814,95.8398740413451
sub-018,1,AUD,L,18.0606772457856,3.29476291821489,3.37676663798157,4.60618681000243,4.6651952980322,0.100033216659992,0.0828078161806771,73.8929373223325
sub-018,1,AUD,R,20.5360327243356,3.59542015000245,3.88354360919521,3.09611380760198,3.42648298100266,0.0877684060559301,0.115551065348894,101.362041430225
sub-018,1,SM,L,9.55993190333008,2.8555155807037,3.16736469059329,4.87583322363572,5.0647783244961,0.135310204636862,0.0781947068218801,103.319578784592
sub-018,1,SM,R,8.66594616817423,3.98263292190217,4.17659302781174,2.83185196746795,3.0987013239418,0.14901032975226,0.0814638060028793,161.646339627757
sub-018,1,VV,L,9.48631060320637,3.1595783880748,3.35196816126363,5.2407299493735,5.35891830185869,0.112766271451867,0.10247780793239,146.756280623242
sub-018,1,VV,R,10.2032273359948,3.64787249958961,3.85332037263319,4.56117637294806,4.72709572846029,0.0976632293970526,0.0839418829722259,104.88297856808
sub-018,2,AUD,L,12.1010993406334,6.85383979355258,6.95599316599402,8.33546146120431,8.41965787790056,0.0857062866842322,0.0838459392958403,89.292230117551
sub-018,2,AUD,R,15.4614468931464,7.55813056313375,7.92425328853714,7.43423445477778,7.80617028382806,0.0641496814792238,0.0925368629283618,75.0223525229059
sub-018,2,SM,L,8.07960924385362,4.92964485152293,5.05832549329907,5.92566771142967,6.03314149181774,0.127819726864345,0.103229800869026,151.285223966675
sub-018,2,SM,R,8.36885537443459,3.29508569039151,3.42347395294397,6.15382663871949,6.22351721286898,0.126381773873314,0.0885215596757717,127.002110807178
sub-018,2,VV,L,7.96341202650916,6.12372293231819,6.24213221719265,5.0735178677683,5.21582358019123,0.0882993126677017,0.100845510392548,167.089034265316
sub-018,2,VV,R,9.96180901521384,5.52084686035963,5.62176767571018,6.76006075808019,6.84272922137452,0.106076934706862,0.0914312595975535,92.4846563351337
sub-019,1,AUD,L,10.4679175889487,3.72679276267911,3.90335258555998,3.7947391787955,3.96827702489707,0.101418098858154,0.124881747557412,124.934930830916
sub-019,1,AUD,R,11.2539414192768,3.94381127701661,4.11551234960003,2.84651708322519,3.08000876883164,0.102445015883983,0.100305511403523,130.695336487445
sub-019,1,SM,L,10.3346792739272,3.61519234018646,4.07837617655571,4.25227702959375,4.6524613396959,0.150339919908047,0.0975076940199827,99.9140170515848
sub-019,1,SM,R,11.9935239967476,3.25003247661722,3.81848360941584,5.21688510655992,5.58873833627568,0.126255106613989,0.0900425578260543,103.846994423586
sub-019,1,VV,L,12.7028982599378,2.6380368246249,2.86910996122195,1.8273292091145,2.1474835785144,0.105926514319162,0.105614338543398,147.144775736821
sub-019,1,VV,R,9.49658628320484,4.13466139442476,4.2547160320133,3.78112706335915,3.9120462082894,0.106786641855614,0.113457362560451,112.253312871929
sub-019,2,AUD,L,10.0214583281913,3.55600784465368,3.74666819224941,3.47672114974654,3.6715011513916,0.0927741487540551,0.102281847610833,122.944613815253
sub-019,2,AUD,R,10.1831500138571,3.98590675461446,4.10661672712879,4.00622219488623,4.12633791173866,0.0925950396610744,0.0946915444112594,130.390710526111
sub-019,2,SM,L,9.74329542823643,4.15267588050838,4.25704847950841,4.53262243422183,4.62843504000433,0.122771243810053,0.101057688050521,106.459091003058
sub-019,2,SM,R,8.63715070473141,3.65380289136433,3.9302611983953,5.65698311951414,5.8393608839613,0.137502392500787,0.0963876302848568,143.003300649987
sub-019,2,VV,L,11.3796005029359,3.31277965161695,3.40878365663893,3.1473548484094,3.24825176662885,0.116941916514744,0.111724650502423,105.215469357361
sub-019,2,VV,R,10.3399204789162,6.00215026264549,6.05808798645362,5.57394476388715,5.63413547113514,0.120630130870589,0.0976338147396354,68.38915570914
sub-020,1,AUD,L,13.3895346192094,5.45883050714442,5.53291798739498,5.05127534878187,5.13125068562428,0.102506804749963,0.0975654521695742,112.47451287868
sub-020,1,AUD,R,11.1431450112422,3.20698933315065,3.49103112590553,5.13815226407835,5.32006827286574,0.110343247264323,0.092369382081932,170.862217232256
sub-020,1,SM,L,9.64489396744508,4.23793312729362,4.59690812410196,4.42376240039897,4.76876932606365,0.119214707744797,0.0980552837453693,168.827051168796
sub-020,1,SM,R,8.93370099578225,4.37248639031813,4.60715376909447,4.91714002642247,5.12693813674497,0.144768541516695,0.0684737978887634,143.087415023587
sub-020,1,VV,L,15.2266036785823,4.10453450743531,4.42624506322361,6.33791449133428,6.55084742124629,0.0797398011966194,0.0944710286320114,76.3549146768974
sub-020,1,VV,R,23.8134713834088,4.4487950162145,5.05642457533315,7.06007861521543,7.45790603606403,0.101676629545737,0.0585820897998309,86.94615750455
sub-020,2,AUD,L,20.0905064394939,4.24236159523827,4.91833377973061,5.29896910041338,5.85418216245637,0.085274747986482,0.105022403975872,69.9019477578146
sub-020,2,AUD,R,14.6917411413486,4.72160019092796,4.9712604001004,5.44422423901214,5.66211084025055,0.0864895665075978,0.109096274244198,73.5718815524902
sub-020,2,SM,L,10.4883102185384,3.77169560003181,4.35300089787622,4.48523440215148,4.98400007622943,0.0945457898089126,0.0730304883420979,130.583151534858
sub-020,2,SM,R,9.92859053326779,4.95153829152544,5.44019643261575,4.62274711851483,5.14274213768682,0.0980229197705703,0.071036531888608,105.979069140667
sub-020,2,VV,L,15.4278086742004,6.01683204014399,6.21063233185045,6.29689632638425,6.48232901875201,0.0577608302173601,0.0819306747544781,68.8724342655416
sub-020,2,VV,R,17.5791732864924,4.00048406514878,4.28530181869165,4.99601116194386,5.22686009493657,0.0839633556386856,0.0666558740131396,73.1125635739105
sub-021,1,AUD,L,12.6256491489387,5.05456450124341,5.232268288348,10.0259837067892,10.1167365505297,0.130542715887334,0.0983831842889896,125.749791432842
sub-021,1,AUD,R,13.7381093145461,4.41386595195713,4.61214782560901,6.7841969209912,6.91484076361921,0.144031883395005,0.0988889202854904,79.9497230794586
sub-021,1,SM,L,9.15667354606505,5.81295677561907,6.13840722668024,9.77664410307382,9.97358244180659,0.142982882566743,0.0647821046872006,111.02883188765
sub-021,1,SM,R,9.96004221657779,4.90487904653514,5.16737264940508,7.53826921827528,7.71164083991706,0.140552761331582,0.0726933895391227,105.729213279683
sub-021,1,VV,L,10.8994700378869,2.93905881130034,3.26849576456065,3.87177088271498,4.12742142686064,0.143664777168126,0.0882128639117012,111.635069614963
sub-021,1,VV,R,16.4103549710244,2.96066209352273,3.35244333135261,3.70578300565467,4.02569049268658,0.110129713784326,0.0900502046262516,89.1517670320903
sub-021,2,AUD,L,19.6142325052066,5.04867727302799,5.12066382051054,3.94417166661758,4.03590707168106,0.0883149381034795,0.0887927361526844,70.1617451263322
sub-021,2,AUD,R,16.1511404914257,3.9712321937042,4.0575114521701,3.90398685303686,3.99171985450676,0.124645708100083,0.10902544735774,91.5628267305296
sub-021,2,SM,L,9.43975496891366,5.11679166372236,5.2372977028529,5.72707405443762,5.83498993344309,0.131043961915415,0.102512136598714,96.0449201688602
sub-021,2,SM,R,10.7208892119115,3.01166037237801,3.32955104873807,5.13302884603263,5.32576728010189,0.13066405393961,0.0871769747889616,119.248783219886
sub-021,2,VV,L,11.838835417315,3.27954953957162,3.41387966179466,3.34553859070847,3.47732046619669,0.116797026604499,0.106544363488077,160.991846728221
sub-021,2,VV,R,14.2852232702203,3.05831335443727,3.2041196294011,3.88839212740047,4.00408483451763,0.105772138561253,0.0881286485317796,79.5446128835087
sub-022,1,AUD,L,11.6227714208919,3.79576153698808,3.94991500686287,4.20110507967574,4.34088779010005,0.139865004621434,0.108254964581315,131.470703667399
sub-022,1,AUD,R,13.6753816858886,2.71344897659251,3.20128414890112,4.76672908088537,5.06034791135875,0.119132594515112,0.0802987702878283,114.737998936987
sub-022,1,SM,L,9.437334559935,5.23736835352608,5.43504250378293,6.89733213268784,7.04860626620744,0.145997998266294,0.0973996218698797,117.592532548334
sub-022,1,SM,R,9.94625527767907,3.36418218904076,3.9254774445701,3.84497449694731,4.34459206933687,0.155689110669569,0.0890009076878579,141.015018583682
sub-022,1,VV,L,10.3527199529944,2.87709254525121,3.13201402990845,3.85594399012946,4.04971041243924,0.132537134216885,0.0999583535941363,116.595961597919
sub-022,1,VV,R,10.631141685205,4.04616333918535,4.48524759033869,3.2993351333465,3.82513012868923,0.107347402845174,0.0919639247967365,124.561260116758
sub-022,2,AUD,L,12.7208070545882,2.73875413352159,3.01671992109326,3.14442258746759,3.38927990685569,0.12272893655996,0.106483374419868,92.3317751251463
sub-022,2,AUD,R,11.023944533757,3.43730416486396,3.67024917051199,4.29236687848469,4.48108050266509,0.134036704465083,0.0899489331051692,88.6332252024066
sub-022,2,SM,L,9.74648635519347,3.61422671783213,3.99982832124544,4.46112460473593,4.77887273010339,0.157434521102186,0.0878592781161083,93.3062599509367
sub-022,2,SM,R,8.74726921317942,4.20015843056847,4.36958307998118,4.43115385714236,4.59206380145682,0.143996981837905,0.0844418643668326,101.346497132314
sub-022,2,VV,L,11.6028302802064,4.27946103783721,4.49222585619201,5.38130230154628,5.55200151560683,0.125730099866421,0.0833384731138818,99.6959923513372
sub-022,2,VV,R,10.2583156694895,2.99942244802767,3.26736314677687,4.46067833838982,4.64508107031122,0.141078397845226,0.0917182160704131,77.8515668142368
sub-023,1,AUD,L,14.4230391358572,4.03121309106757,4.14441543920849,2.06579928274964,2.27882141111675,0.106470079827555,0.109714867572478,106.945140410644
sub-023,1,AUD,R,12.6393577630261,3.01679139622777,3.12883278096048,4.72242275644445,4.79477225042477,0.139543365844169,0.108066519398819,135.926924689395
sub-023,1,SM,L,10.0910429286389,4.26061293844808,4.59074489115718,5.61076865188893,5.86539349996521,0.145350577299451,0.0737683525346975,118.040832564016
sub-023,1,SM,R,9.21177416813221,3.60378482772493,3.90772524830728,5.54074251183337,5.74307227136794,0.135492975204587,0.0969902851454532,150.702143038193
sub-023,1,VV,L,9.39367285206649,2.37074866047258,2.71423550039244,2.73340903194371,3.03614065490542,0.117874689536881,0.104845505039785,149.52192100975
sub-023,1,VV,R,12.7626617175517,3.14102856822023,3.24356997113471,3.54397035038559,3.6351632061963,0.121103571412431,0.108746606081519,125.405215955449
sub-023,2,AUD,L,11.8734502554054,3.57808227482177,3.80594894077737,5.47075559267761,5.62243197639812,0.125791268691152,0.112814658657894,122.728340210912
sub-023,2,AUD,R,12.9762987533872,3.00148612495445,3.08124417831883,2.11029658279793,2.22227324951235,0.100756848240859,0.110872662819669,114.604453745019
sub-023,2,SM,L,8.68275506055421,4.51575788493523,4.679749064015,6.09418371717887,6.21667573591567,0.134394762591143,0.0990602709580269,111.120445903408
sub-023,2,SM,R,8.03062266388721,3.44052102603618,3.68464298451226,5.98471228986077,6.12831054901177,0.157459952385451,0.0822151209225793,113.948615046825
sub-023,2,VV,L,9.38775798537576,3.99851943621744,4.1649149459037,3.75082794812091,3.92773078522552,0.107059049541004,0.112688906188951,110.101100864108
sub-023,2,VV,R,12.6148014724951,2.8709479799429,2.90010501818285,4.81936182761477,4.83678769829951,0.110782050506156,0.0972613434108948,85.4735943472074
sub-024,1,AUD,L,10.6263594981142,3.84994556127923,4.0961367903662,3.2479282364753,3.53628245617788,0.108738129861607,0.115051002568289,149.944230250828
sub-024,1,AUD,R,11.5869427824633,3.40668782420422,3.54502789552924,3.0932240169964,3.24495541846456,0.12534137361303,0.108202050815742,104.357995748423
sub-024,1,SM,L,9.81891284600482,4.37891965466451,4.5963233631832,4.99568005935471,5.18729894765771,0.133472032170934,0.0927747055183465,143.985146714268
sub-024,1,SM,R,9.69474444401291,2.55075421852145,2.9525272285462,5.35797411623917,5.56048168617528,0.147075609624298,0.0932125045579845,165.565874748766
sub-024,1,VV,L,12.0229884448682,4.00748074123564,4.31132895680196,3.87982338284759,4.19293274027565,0.125987251764106,0.0989718340777545,103.482474640283
sub-024,1,VV,R,11.7576627461048,3.70373374432318,3.82673947543764,2.6695638556205,2.83775660395143,0.118191077628691,0.104938652168669,156.649251865829
sub-024,2,AUD,L,9.58554434416395,4.147985532247,4.32152144130076,3.80561514687315,3.99405436092225,0.101224867704567,0.110017204127431,167.358095150424
sub-024,2,AUD,R,13.4206246302747,3.98543560945121,4.12715021948005,6.05425083207411,6.14846526173341,0.117109250885726,0.0792860407984377,102.340948665724
sub-024,2,SM,L,8.5928670759437,4.5774137173866,4.8675663404461,5.63701302870491,5.87506609531448,0.155347882796335,0.0937743711775929,120.419395057178
sub-024,2,SM,R,8.75178897548901,3.74554401348168,4.13189643162018,8.77907471253264,8.95073298523296,0.149895106355912,0.0832973100699039,136.54367946611
sub-024,2,VV,L,11.4817350968733,3.56045983620619,3.80121966570512,4.81028745313138,4.99111831992181,0.102205381315434,0.100809054855725,109.90884766347
sub-024,2,VV,R,13.9235067376537,5.3363287860405,5.41175857769902,4.71105178779702,4.79632514930754,0.0993524350343449,0.113009366387247,91.8304786695715
sub-025,1,AUD,L,9.8062648245317,3.70694153597548,3.87985438838896,3.86752198787473,4.03355684857117,0.109002738888498,0.1145149234756,127.945983275982
sub-025,1,AUD,R,17.442931131011,4.94486575366569,4.93682872571613,4.8754489821129,4.86729733244908,0.0622405405392131,0.092752222018653,58.7193143959617
sub-025,1,SM,L,8.32456359125372,4.00577390586427,4.2542730310618,6.36838042931551,6.52754806419726,0.141302453553301,0.102948800940085,102.953531809823
sub-025,1,SM,R,10.3097974697015,4.11851762315799,4.42929953347861,9.72083040974551,9.85652326127443,0.132789851346156,0.0798742110922597,113.692310453375
sub-025,1,VV,L,8.92886658871565,4.02923389516279,4.22816825247799,3.02309387500372,3.28356171959949,0.107943733837496,0.112443723735387,106.321012788469
sub-025,1,VV,R,10.2446035710805,4.26729123797305,4.30211293350507,3.89773459923742,3.93582725599619,0.103848109444408,0.0820258265675072,81.8043767671917
sub-025,2,AUD,L,10.0628555831042,5.30789161232668,5.37790979428971,4.80461610155211,4.8818578707909,0.109586021708593,0.12737728487866,106.64392500037
sub-025,2,AUD,R,18.2225743143492,4.31284816537631,4.40843581966733,3.97377334711453,4.07731795335782,0.0908077212683321,0.106274104208265,62.5942464102045
sub-025,2,SM,L,7.38558761283514,6.98268991015287,7.17407141915126,5.53649990118907,5.77599978372566,0.110831600726692,0.106436087432682,136.567880515796
sub-025,2,SM,R,7.60290782236727,4.09038256889086,4.2187913999898,5.00708543864623,5.11252148226732,0.160089385896882,0.0990550509820153,124.994879573199
sub-025,2,VV,L,7.98643367972926,4.24867690117825,4.38100218649349,4.624534150241,4.7463924041529,0.1019047915212,0.12207937361188,120.273235245863
sub-025,2,VV,R,10.456963430716,4.35939681987646,4.49975696791003,4.95410838038865,5.07805691005359,0.109011261285723,0.104206999857887,87.9268791476185
sub-026,1,AUD,L,11.537526879227,5.16337683659356,5.18474557450031,4.67863172170044,4.70220385595215,0.121250590697819,0.101424784633173,147.935183979196
sub-026,1,AUD,R,12.8557459572987,4.73772457293836,4.75468774453617,6.14991897396767,6.16299641451997,0.11142992427416,0.110350646879497,122.705304786167
sub-026,1,SM,L,10.5238937059591,5.56316332869935,5.75641076862624,4.74917949272768,4.97415164319666,0.096941306364032,0.0862286926575939,151.309150733772
sub-026,1,SM,R,9.22965855384814,3.6090796025197,4.07241051651084,4.65692006421228,5.02453742369656,0.11645214993048,0.0752739763395271,158.995127884804
sub-026,1,VV,L,13.1788797110018,4.69005428877954,4.83703176293205,2.97807181495989,3.20455594099598,0.107656334486408,0.103877348650415,109.328828007004
sub-026,1,VV,R,10.6545838816189,3.52191942268952,3.69477129872746,4.48164109024999,4.61871469045227,0.105652019313226,0.102819113904223,130.543102119931
sub-026,2,AUD,L,13.9236583614751,6.20590328240599,6.29579202704184,5.66620067273244,5.76451140695026,0.101595183578433,0.0839817469189723,127.466702452891
sub-026,2,AUD,R,11.9193455669086,4.36621718169284,4.3918133612172,4.61729778112428,4.64150955203491,0.0926140541276434,0.0929547278961691,91.213637017357
sub-026,2,SM,L,8.47416248498848,4.30379622659348,4.46027582722781,6.2011714993989,6.3107785937925,0.120149041717218,0.077223082843334,105.371906578563
sub-026,2,SM,R,8.46917409728844,4.71133737454028,4.95125171577662,4.48627844985139,4.73760361636997,0.120746717431111,0.0804391836251174,161.562220975209
sub-026,2,VV,L,12.0016034922496,7.4632974295053,7.49821706010152,5.63579305746,5.68195511647632,0.0812168504332826,0.0917944857108216,95.6348117402749
sub-026,2,VV,R,9.4328086118291,4.04519532687242,4.10539201758588,4.19822255751108,4.25625551722431,0.0920443350912066,0.0873975760618072,156.22294506031
sub-027,1,AUD,L,10.0498360407414,4.95017709418427,5.10822652940918,4.93222814664452,5.09083485319702,0.108368655005969,0.107528578243954,141.475016427163
sub-027,1,AUD,R,14.5976552758744,3.32915734163217,3.77321995937697,4.64318308801464,4.97122212794023,0.0924371769297205,0.110158115063913,139.020949377697
sub-027,1,SM,L,7.39249092091482,5.77742168273261,5.97925899881374,6.3105074023327,6.49580176342244,0.142300833214766,0.102466337096986,174.206344518444
sub-027,1,SM,R,8.9069871925517,3.20229155155281,3.744864302648,4.50374134188393,4.90438819208832,0.154954760985679,0.0825800890704616,188.647684208181
sub-027,1,VV,L,9.9617623362912,3.53384516871957,3.80720661055867,3.55048493473193,3.82265663783153,0.105011463685533,0.120344790785123,181.29992653097
sub-027,1,VV,R,10.214002454504,2.9386023011587,3.24747213790618,3.27408498579407,3.55391675427322,0.120563429380087,0.104431586473809,226.453775985461
sub-027,2,AUD,L,12.463208338046,2.7755540886489,3.5348221286285,2.87862598529177,3.61631781584848,0.110708262117309,0.0996603339001743,115.97302279301
sub-027,2,AUD,R,9.8387700679505,3.266019922473,3.60327032284639,2.76149481409761,3.153176889076,0.0981558257437416,0.101765009267926,178.686163609759
sub-027,2,SM,L,8.22759905035,3.40549459905005,4.02213296686847,5.51473911118977,5.91544652612947,0.124209330595155,0.0968186474943037,140.278710244827
sub-027,2,SM,R,8.47620798004561,5.63205968627185,6.01980215581007,3.89688181455431,4.43887480809845,0.118375330947667,0.102283843229624,155.549010519816
sub-027,2,VV,L,12.9447044121542,4.65725834010953,4.75234634134695,2.33337673677181,2.51781403151659,0.101704205663335,0.112235563299844,93.5834014933609
sub-027,2,VV,R,11.5755500470979,3.2092185483342,3.56391251460504,3.15739748959093,3.51732108685875,0.102102783304602,0.0990028580726004,112.660098676552
sub-028,1,AUD,L,11.2267599042579,3.63606992351741,3.73040420851231,3.99111778111573,4.07724566501905,0.109496633478926,0.114059027258615,111.412013290243
sub-028,1,AUD,R,13.3906134322896,2.05065175976192,2.41273627470489,3.281453183378,3.51909912991433,0.104903536344941,0.101167276633255,93.3341136420218
sub-028,1,SM,L,11.3754294369291,3.45538184022241,3.5772156325967,4.13164464120606,4.23406370542085,0.136793477269492,0.0915873163673413,126.011135163405
sub-028,1,SM,R,9.80243492745358,3.69803562493669,4.03246892986978,4.90168192532862,5.1586649323403,0.126387612788972,0.0782029816847477,155.967715349502
sub-028,1,VV,L,9.14834624120213,4.71461851442324,4.82034665558745,4.64126750936627,4.74862909027328,0.113628448962214,0.124377806832507,90.4419905724207
sub-028,1,VV,R,9.53930100500984,3.58038118148555,3.86670167359528,4.43693896745747,4.67104697351581,0.127854157662223,0.0819128396810891,137.745835492241
sub-028,2,AUD,L,14.3032120689867,3.39546316408893,3.41539731536891,3.199403728753,3.22055165192284,0.0970913403696311,0.107984762668274,84.9082333913658
sub-028,2,AUD,R,13.9184606021801,5.88097555298197,5.92744779695316,5.97218880263839,6.01795671513119,0.0930809893765741,0.111462941354526,91.357833210481
sub-028,2,SM,L,9.12245113286243,3.10760212910461,3.21944829550729,4.83357869386086,4.90623474003996,0.123887137729209,0.0916600023663385,158.496273465841
sub-028,2,SM,R,8.98949097697052,3.84788995565621,3.97392086596287,8.12204316705496,8.18250420993471,0.107056184425873,0.0645054255889176,134.570089746012
sub-028,2,VV,L,10.1486642578229,4.19652274118565,4.20733615790612,6.54392431699467,6.55086405712178,0.105145360583113,0.115913945058277,97.5826702851708
sub-028,2,VV,R,10.1921987726015,4.19384193929479,4.33180575160927,5.18303663561099,5.29529032480495,0.108398515330404,0.0797288180046725,95.4417065299386
sub-029,1,AUD,L,10.0917516129474,3.38590742789557,3.63417470508411,4.1629531429607,4.36726865984693,0.116203550481289,0.0949077139271037,115.633965642922
sub-029,1,AUD,R,12.7737971259667,2.97138711311336,3.16894538696554,3.65485752800108,3.817205396567,0.110262043371139,0.11772653682819,109.632656399205
sub-029,1,SM,L,8.36556644284884,3.9003901988608,4.16455319932223,4.60997561123997,4.83552838714064,0.15133886708869,0.0993366593018535,87.1102308452855
sub-029,1,SM,R,8.52328990184938,3.17615696551783,3.46902446577234,5.63485886809068,5.80497994293002,0.138616635889285,0.0715802211228793,107.646601947717
sub-029,1,VV,L,8.56817135106474,3.56320102195225,3.84449346600331,5.3875843660835,5.57761542139362,0.100779627961458,0.115744514214019,166.045385372056
sub-029,1,VV,R,8.53042491924931,3.21260007248045,3.44370612559759,4.16011450866597,4.34106730873757,0.115407430857193,0.0908176073643925,138.379738718568
sub-029,2,AUD,L,9.69179682966584,3.82878130878568,4.045445282713,3.82744202987155,4.04417775535962,0.0897139973642551,0.104740820971344,114.383477712974
sub-029,2,AUD,R,11.1883613744816,4.74486643085138,4.92253730769357,2.5529185082299,2.86967054009297,0.0820461613912811,0.113946879567506,109.49061561865
sub-029,2,SM,L,8.59824504321058,6.58213285108356,6.91847810743407,8.13729522459656,8.41168473172723,0.116458313394615,0.0914023144834409,79.5967043751731
sub-029,2,SM,R,7.49096207126757,5.49460835996698,5.61630767921881,7.73506697374577,7.82198517043888,0.0977177536338565,0.0851758799089129,110.247312635251
sub-029,2,VV,L,8.75460319363742,4.7232990140271,4.91860810704796,5.45206888691576,5.62211768664472,0.0914609088300719,0.0927888374713944,161.974809140368
sub-029,2,VV,R,8.32376609212914,4.59018364891075,4.77736175696389,5.77422392705037,5.9241084887006,0.10091035037461,0.0875504077060289,110.288941916365
sub-030,1,AUD,L,9.91168909786467,3.11305545888345,3.25249393319189,4.15368374306958,4.25918902290172,0.110313947656959,0.0995112606974579,161.513141625959
sub-030,1,AUD,R,10.6873693123326,3.2259235059765,3.52279920179081,3.8754319781665,4.12583382689146,0.113275204869149,0.104243163692496,155.173846920815
sub-030,1,SM,L,9.59959517729141,3.29331081521004,3.71557438401084,6.21909856645546,6.45265711601249,0.14264168668142,0.0702107380105137,145.10188756163
sub-030,1,SM,R,8.64353151236743,3.48193227039973,3.83049713100953,3.1665829470146,3.54628023361732,0.141300344583434,0.080066313450483,220.202031287666
sub-030,1,VV,L,12.5732724124372,2.95521228981787,3.29263870491903,3.63910951153282,3.91807452713306,0.105380286359845,0.0769387896904747,105.925747361133
sub-030,1,VV,R,10.2257223801644,2.61172335307779,2.81442246132642,3.79536872725325,3.93760062647531,0.115945819876335,0.0984999289403046,125.730400466325
sub-030,2,AUD,L,11.1449016571498,3.83287658007715,3.91223436640664,6.21661052700212,6.26585040549349,0.109766942459166,0.0909549093999799,105.276515277953
sub-030,2,AUD,R,9.30748310748778,4.50810052820712,4.63791060734143,4.38511364698981,4.51845837939059,0.119686161122285,0.094828643107552,130.472539495991
sub-030,2,SM,L,8.49716252923021,4.6740443191711,4.89672209561072,5.39459706443379,5.58863798001483,0.156942863828738,0.0908191780427819,120.777932774994
sub-030,2,SM,R,8.47579783100842,3.03952565919522,3.30356827366787,6.60555244168827,6.73113438922242,0.129700092778878,0.0781908071887965,106.494399200724
sub-030,2,VV,L,8.96329651878382,4.58924942178849,4.72312440510804,3.40589621714092,3.58424649440799,0.0942771269959183,0.111720196220059,140.354388185183
sub-030,2,VV,R,9.91003488941359,4.87416632459358,4.97787976413988,5.11771705525182,5.21659059578635,0.103251848568834,0.0827771181793275,123.342020571719
sub-031,1,AUD,L,9.76691172881704,3.57490929979288,3.92377472434286,7.08698469780584,7.26920791369874,0.132507650382831,0.104005959946669,140.721261975278
sub-031,1,AUD,R,16.1071544055559,3.28011671216761,3.37933736418795,6.36141173004779,6.41313609513669,0.128669272624243,0.118237531847263,89.5129397982749
sub-031,1,SM,L,9.70255610340351,3.44158344184958,3.87227089165102,6.30984039401626,6.55469839649956,0.149573070222495,0.080971648230894,128.297460759576
sub-031,1,SM,R,8.29155485205994,3.23288947946069,3.56171788989364,3.48865255368144,3.79538622291445,0.133669845233434,0.0714689623517649,188.329924241337
sub-031,1,VV,L,9.84594627978804,3.00942748451249,3.29634341217135,5.26561337078317,5.4346950491262,0.118298005842978,0.0933199740138151,91.7379075052867
sub-031,1,VV,R,9.41238907092987,2.64766404777954,2.98360565644611,5.21188340423623,5.39031598541551,0.12055973313263,0.0876687218058242,156.307798893998
sub-031,2,AUD,L,13.5823182624487,3.07414981789237,3.36475374330098,5.30818785090271,5.4816082412629,0.104988702549757,0.110111154891937,107.272775776988
sub-031,2,AUD,R,12.0820892900442,2.84932160046074,3.05273372459298,4.3489272091166,4.48483193448872,0.111755783629359,0.0869874225770287,109.342898404587
sub-031,2,SM,L,7.7505297898245,3.55809753140712,3.95715783795633,5.15006658233026,5.43343592158118,0.134971151474461,0.093906474837741,171.733840318184
sub-031,2,SM,R,8.20780176291209,4.11197735797147,4.41246663398117,5.79022694883751,6.00734817723855,0.14185872032278,0.0833926265098047,188.55166167712
sub-031,2,VV,L,11.4352719777356,2.70142310920566,3.03593587714702,5.13840525647385,5.32188203692605,0.113508464166022,0.0986150686656379,126.455881224923
sub-031,2,VV,R,10.9878223238842,2.72496122577776,3.0976689319592,3.75934361363047,4.03767303472894,0.122966090746724,0.081924851635849,132.954601769782
sub-032,1,AUD,L,11.8458681887306,4.39837372987671,4.50213694332855,6.45277040035626,6.52393987008833,0.109479190355929,0.0976600204273806,140.15148715921
sub-032,1,AUD,R,12.5592874271996,2.88322483571128,3.04242946934164,6.05125145792467,6.12870588539633,0.119416123415553,0.0822208385636417,120.523704984776
sub-032,1,SM,L,9.85586457169763,4.31355750719676,4.54255635858632,5.83395731518778,6.00525585287359,0.150782728841809,0.0947379555672091,127.886460614881
sub-032,1,SM,R,13.1435494982457,4.26237951595169,4.5582250423561,8.04146595727897,8.20211625989502,0.142851929952485,0.105153872329961,94.4767187873244
sub-032,1,VV,L,14.0449136180956,8.24760471215875,8.37147150895563,15.1636778746538,15.2314043483684,0.077164399173409,0.0582251381351634,93.1729615013836
sub-032,1,VV,R,14.7993955486976,3.83443782909275,4.04180899111063,1.89734591858987,2.28762496712962,0.136796898048975,4.88980124193494,77.4420848665835
sub-032,2,AUD,L,14.598448642281,4.42188214921896,4.50225250109922,3.42894653418668,3.53198388676728,0.0898167475582311,0.0975569535422306,95.3117919866802
sub-032,2,AUD,R,15.7135019639379,4.93361613257099,4.93514328433375,4.57260543282436,4.57425311254577,0.0842602592374552,0.0880222721686383,80.9595711602361
sub-032,2,SM,L,10.2279970828527,2.84087259687361,2.99071093412517,4.34217306944737,4.44165079051273,0.124672565238208,0.0820274079978918,133.943873642424
sub-032,2,SM,R,8.78336571786393,3.79151451583871,4.01219451710851,6.57301701981375,6.7027364010575,0.138239490482451,0.106086333567742,124.706758023197
sub-032,2,VV,L,10.1432753124473,3.06150535073803,3.22267028838813,4.73655766290736,4.84228946564623,0.0935971401359065,0.0972561320908983,164.541584009233
sub-032,2,VV,R,10.3183862734949,3.85959348415855,3.94268875449007,3.74053062700564,3.82621250368958,0.0751071131323859,0.10505888927296,149.024288752716
sub-033,1,AUD,L,15.3113703172512,8.47310217986763,8.53521510866216,4.67729627227137,4.78889724459202,0.132045377108515,0.137935235330951,107.797633866393
sub-033,1,AUD,R,14.3571129811849,6.78515898466209,6.93256157105079,6.60508885260731,6.75642111180963,0.109308271300102,0.115040566663855,118.785475983155
sub-033,1,SM,L,8.38212036508581,5.1926370080766,5.36837147719593,5.16847824368386,5.34500706968265,0.143557470954642,0.0849565202001735,163.220000429315
sub-033,1,SM,R,9.08586439245888,2.99532567191845,3.41776965628807,6.53380163080882,6.73793271659415,0.141105273993833,0.105838728735846,152.811327204482
sub-033,1,VV,L,11.5020181728267,3.72083011885593,3.78926325260319,4.83243979849971,4.8853263586241,0.100556614755755,0.0791794119101497,128.206828449909
sub-033,1,VV,R,11.5359830217765,3.81729917279266,3.98631943051507,2.81641028137268,3.04156809894506,0.0998608999466356,0.126600616420956,128.180106599632
sub-033,2,AUD,L,15.6822948787408,4.55394333896887,5.03047502076922,2.6710561408015,3.42079229234363,0.0850145963335501,0.836965912000177,82.0639107118953
sub-033,2,AUD,R,16.4892977384813,6.08967196660048,6.36635988253397,4.32234136955226,4.70415437757745,0.165863035559426,0.123081804857154,63.4528078165611
sub-033,2,SM,L,8.20716009934093,4.15733895098593,4.51365816001972,3.75458506387638,4.14566663324626,0.114554198475696,0.1240603163545,119.013214322802
sub-033,2,SM,R,8.50910349166253,3.85757917680184,4.18181814741991,7.48558356081654,7.65771814307383,0.148082346925825,0.103389252291662,119.312435437951
sub-033,2,VV,L,19.6820057938942,4.48913167346317,4.46820817289135,3.7132098407255,3.6878867140767,0.0780937461045252,0.0949161609948158,82.448284055909
sub-033,2,VV,R,17.8607086971564,4.49541027766558,5.50704053087875,3.62158066259137,4.82023115004413,0.0893825928493392,0.106116453034539,77.4203587207115
sub-034,1,AUD,L,16.7803384103631,5.24216498408296,5.29355811463028,7.69640726845898,7.73150364642033,0.0971923433325535,0.110337747624825,70.3407375089284
sub-034,1,AUD,R,13.548845677362,2.65610562182696,2.93013293535345,4.61581823888889,4.77876134149861,0.111599080189977,0.0959004277211573,108.479899040432
sub-034,1,SM,L,8.4520858350621,3.57371725195117,3.85669253074614,4.13684172465609,4.38361514445272,0.135089926381331,0.11213734686462,138.548831452033
sub-034,1,SM,R,8.51374939214768,3.99957097402173,4.32778739923189,3.47649557513676,3.84957105151453,0.127135737817395,0.0793789797112661,115.765291597515
sub-034,1,VV,L,9.92332103831002,3.88363825620722,4.07494137654946,4.31467825775945,4.48764410188917,0.130970981930572,0.114728334895208,109.81577648755
sub-034,1,VV,R,10.3418549317212,4.21921944699541,4.41230609918307,4.88317020564158,5.05093888581612,0.106692923120652,0.103809608327884,138.230299827074
sub-034,2,AUD,L,10.6517771808574,4.44116026328695,4.46081577149602,5.49682948510277,5.51272230856261,0.0865455503655299,0.0945285218527478,86.7261602626204
sub-034,2,AUD,R,10.9284230812951,4.60185343739686,4.66162686045407,5.26520872970127,5.31753071398257,0.140757840280486,0.0928544555658091,92.4190669309621
sub-034,2,SM,L,8.23661409649858,3.63469632489903,3.97634228081146,4.75928606257275,5.02504570977555,0.133897906889253,0.0965457968279594,163.19907342428
sub-034,2,SM,R,8.6460991388454,4.0488969674163,4.42476032354104,4.25312732307037,4.61237783516027,0.139299119470999,0.0883984049199334,149.782865470051
sub-034,2,VV,L,10.2591093139357,4.78718340077922,4.9687758006727,6.39649475076472,6.53351001692162,0.0974587593754324,0.0953570845814532,72.8559342384046
sub-034,2,VV,R,11.9241455285823,4.22473576226699,4.42409494686747,4.44132184441383,4.6313673535564,0.102440736487157,0.105179330437314,77.9798538050726
sub-035,1,AUD,L,13.3095125797558,7.22833839096677,7.37824227761151,10.7674320063121,10.8686326289632,0.136444743524281,0.0929192915550295,127.375992578097
sub-035,1,AUD,R,9.63472438510518,2.74162742975328,2.93210829820891,4.10077613727451,4.23049678369928,0.127043440843704,0.0906492514459829,168.5215710408
sub-035,1,SM,L,8.22627485182781,4.10256451654576,4.36489554913889,4.02771270434126,4.29461839645668,0.155248560240854,0.106061955017363,152.333238255325
sub-035,1,SM,R,8.80077951388052,2.71876536534001,3.10178500153518,5.67250572051906,5.86572299322919,0.139417799293488,0.0772218047175502,152.182140189559
sub-035,1,VV,L,9.09599998875457,3.55015274267066,3.76627423482959,3.09271423809591,3.33858030818046,0.141237087545117,0.113186514034525,126.152232541117
sub-035,1,VV,R,8.987281512255,2.86039286074749,3.12738562183501,4.37824479509704,4.55716150642474,0.127869743462683,0.101789773063083,102.00416241973
sub-035,2,AUD,L,12.8500278581693,3.3882229286549,3.47099288489079,3.31185945990498,3.39649084716297,0.107303474422305,0.121572636680107,87.0796282926627
sub-035,2,AUD,R,9.22129949313688,4.00207565007662,4.05770330159159,3.28006051926068,3.34770721312718,0.124030010288413,0.0948429015375766,157.043647797202
sub-035,2,SM,L,9.10997123492605,4.87890661077121,5.07506591873337,4.65066111598139,4.8560491326348,0.115076497720528,0.107516144444861,122.198479152963
sub-035,2,SM,R,7.80151739883836,4.87561914520374,5.0908005892156,4.0421255274666,4.29922869476349,0.13399593592455,0.0924781152915896,124.983727025007
sub-035,2,VV,L,9.24905702629317,3.54117258926785,3.68706619133177,3.77186948862728,3.90916272768444,0.0995086142069914,0.109460875942929,158.449105292768
sub-035,2,VV,R,8.48715648769639,3.38031306003579,3.5242756411664,3.25308490021703,3.40243497793717,0.109086649782486,0.0967557556222212,162.235248182247
sub-036,1,AUD,L,14.1471991217959,5.35099588771587,5.37856474916189,4.3279605835828,4.36200006689833,0.106441195089521,0.10108573699145,98.6792817286514
sub-036,1,AUD,R,12.2307524259369,8.04560722525623,8.14502508947152,4.77089200498524,4.93670422531646,0.0842253592238831,0.0893408836015922,78.0563303868601
sub-036,1,SM,L,9.56856503706445,4.84273762032,5.06999401308695,6.52458549797958,6.69499421612299,0.137568354623777,0.0986409286973759,83.141764636308
sub-036,1,SM,R,7.64623664273657,5.5738073624314,5.6525122126802,6.6739107019249,6.7397811432028,0.107756756323739,0.084219549111484,118.125043596432
sub-036,1,VV,L,11.5184621684322,4.78373649679436,4.91555854137085,4.39330563851441,4.53648711408774,0.0910673998136708,0.103088721445605,85.9494739830057
sub-036,1,VV,R,9.61736818095121,3.99027863910475,4.08246261065967,4.40863134062963,4.49223860088935,0.106899766509768,0.102250770234578,81.5352471800899
sub-036,2,AUD,L,12.0699188196591,6.1982127464953,6.15626501041657,4.63823204126757,4.58202510865051,0.0852209733394295,0.100082347278463,97.1628732436777
sub-036,2,AUD,R,11.1234947799211,9.1004558413236,9.13271658344782,5.13121814287452,5.18821889509942,0.0650404762856978,0.0918263973627037,87.5539272645666
sub-036,2,SM,L,7.75468219257967,4.57933845124113,4.77061932946589,4.98115034982174,5.15755047897617,0.131610046751949,0.0849195932195641,146.762831258872
sub-036,2,SM,R,7.22399808003419,6.08669653370838,6.19674382882062,5.61655140277195,5.73562629941564,0.108998471553255,0.0985205201128604,120.374108079198
sub-036,2,VV,L,10.1464469258632,5.5675674296656,5.66551890942658,5.44158365034033,5.54176235983176,0.0940615454964321,0.0877169386329469,81.1314640003975
sub-036,2,VV,R,9.41642305278833,3.19718048105617,3.24931369381783,6.79893261235305,6.82360323580609,0.104012552372921,0.0942995252150814,106.549221788034
sub-037,1,AUD,L,17.2240028435383,5.53379843427746,5.67163808082193,5.75754768830681,5.89015354568495,0.105028863620272,0.0793835614523313,84.278992883277
sub-037,1,AUD,R,11.1119148600372,4.1068862586681,4.26139659966787,4.08811126476351,4.24330530967432,0.110255474875233,0.0995562038945846,116.231453417907
sub-037,1,SM,L,8.25804222812403,3.45649125679416,3.78603455952196,5.36342766662964,5.58149462176292,0.11891415944344,0.109822983226501,136.052497230172
sub-037,1,SM,R,7.82632347862647,3.06699181892069,3.41337729103456,2.55010468073179,2.95765778891239,0.122666967902635,0.0860420842373686,141.114675595949
sub-037,1,VV,L,11.0152406546265,3.63300175211837,3.75916826008195,3.3724842493571,3.50803282323215,0.0946592197614439,0.109793497492499,96.1436535309402
sub-037,1,VV,R,9.49292362216861,4.59760741438253,4.70010883756819,4.58867737838431,4.69137391721202,0.103677640747083,0.0849813625229406,130.98702405144
sub-037,2,AUD,L,12.3268257674784,4.91389353922462,4.96280466260198,3.02489898701025,3.10372264964609,0.0932244747028914,0.125694346385097,96.1110896580938
sub-037,2,AUD,R,8.88556058252089,3.823901365986,3.91462941502153,3.08314142176052,3.19497462067193,0.103275538061364,0.103209192810655,134.480898130136
sub-037,2,SM,L,8.11231550777946,4.27367881249083,4.5997406819491,4.79727019293611,5.08990029891331,0.116517366195444,0.0811962720103318,141.327866969627
sub-037,2,SM,R,7.89275769716893,4.28102021456682,4.42768190908686,5.65422374540145,5.76606270982088,0.114349061098227,0.0997145112310208,137.194795558159
sub-037,2,VV,L,12.4792436264501,3.84906550438479,3.9550878340294,3.15969147430691,3.28801835923253,0.0843730492150528,0.102193429987035,101.960396955402
sub-037,2,VV,R,9.47128728230076,3.73371168034743,3.91201552508551,4.11853287498783,4.28083818882502,0.095365391698182,0.0955910239996869,181.090565146865
sub-038,1,AUD,L,11.3702871766749,3.83769420442806,4.05963808345641,3.30797815663778,3.56307227638475,0.0906247425036843,0.0904929269816259,110.493048802317
sub-038,1,AUD,R,23.4368283458367,4.55321710486505,5.45664573309912,5.037431455843,5.86676336022084,0.0990146821228762,0.0750642711492646,62.9713730132384
sub-038,1,SM,L,9.17686657433805,3.10412063415052,3.41178789614083,4.2468482959156,4.47665636222117,0.127526554812011,0.0845820561971721,128.860007427702
sub-038,1,SM,R,8.44753576639318,2.65690110559363,3.0850862123247,2.78036200227764,3.19202855818689,0.143765778926699,0.091494041074011,157.338566887681
sub-038,1,VV,L,10.6657176569884,3.26279477957135,3.63099950467187,2.44671966186379,2.91971997511409,0.119078891756373,0.107073022151535,115.311773627117
sub-038,1,VV,R,14.4357449798092,3.28004532370888,3.64691043342221,2.4365764585727,2.91172856260503,0.114562164896969,0.134844991647208,117.257560477952
sub-038,2,AUD,L,15.1588740723475,4.46773070236034,4.53991456892239,2.89665193167243,3.00679215736009,0.10716677091946,0.0945114461757876,99.2914757733525
sub-038,2,AUD,R,12.2652293788475,5.86602831201594,6.01663271810939,4.27761966631526,4.4819204719516,0.103344153826304,0.0869527577024395,120.134148085222
sub-038,2,SM,L,8.57331879612196,3.9628383779937,4.17403062703656,4.12594623618455,4.32918883963555,0.114126683636609,0.0941108530935,108.238471124891
sub-038,2,SM,R,8.64639821712766,3.36416532677629,3.68544985896349,3.1777470182958,3.516106999131,0.117849509321818,0.0818981937021752,159.131875106901
sub-038,2,VV,L,12.4443794391453,5.3395570249791,5.51241223190435,4.42366765691963,4.63083738975165,0.104308918161221,0.111108644378054,87.9233619527196
sub-038,2,VV,R,14.7027500557444,3.25466831131678,3.81225267884853,3.31579300603734,3.86456827208218,0.0998274208116874,0.100655308818668,82.4102405218992
sub-039,1,AUD,L,13.4913102854756,6.46895852374197,6.60669316475995,8.89552133414091,8.99618085620493,0.114630038202873,0.126048876621035,121.552721472799
sub-039,1,AUD,R,11.3314786847298,4.94761801234643,5.08213451087596,9.16568472811417,9.23899040619303,0.114174352792371,0.0908789578232471,116.524192686875
sub-039,1,SM,L,10.1970516112076,12.3236952331977,12.4373840202477,10.4655954759473,10.5992332615403,0.142898041168506,0.0679574715981875,117.6004717313
sub-039,1,SM,R,9.30122115708343,4.95394003071697,5.24929715067858,13.3877933952653,13.4998744713605,0.152499503269343,0.0762982127626281,168.22583781071
sub-039,1,VV,L,11.4287674870304,6.71903061244109,6.79985656320871,4.09521465769519,4.2265186621963,0.106752481012691,0.145017790970509,118.809866298003
sub-039,1,VV,R,10.7156154318767,3.05164147387358,3.33566997682761,5.2581463663739,5.42791688582782,0.116378759037128,0.109374617844171,133.343207333032
sub-039,2,AUD,L,24.0459251273563,3.56881572520417,4.39362183038632,3.67993948502621,4.48435298805052,0.127254032768305,0.127262897407447,38.1970588304747
sub-039,2,AUD,R,16.8782783209364,6.65145444150883,6.71964939105584,6.39442546400742,6.46533206927502,0.100131062567554,0.106486253415138,68.0885420839762
sub-039,2,SM,L,8.87808291030313,3.80226337625583,4.1607987831299,7.22420675577915,7.41917805296004,0.167810205985145,0.109199724538216,88.2912485757083
sub-039,2,SM,R,8.22406152749678,3.55519247340962,3.81022377892895,5.84183916433338,6.00045802788974,0.144826522880816,0.0981050805943251,155.5152999455
sub-039,2,VV,L,12.4403570452099,4.5837273248934,4.70178580081153,3.32246199014597,3.4835308529857,0.107804166762986,0.11111666940832,88.7036923139964
sub-039,2,VV,R,10.3425347100945,3.45580764961394,3.67390242663416,5.44426211814119,5.58524328389779,0.102290914456741,0.110711394030663,160.525203713382
sub-040,1,AUD,L,13.2238203207647,2.78726151409334,3.15503769049868,2.36913456595115,2.79253194647901,0.120382746875533,0.112947841782442,138.904156185033
sub-040,1,AUD,R,12.824317984091,4.52859553639167,4.74112902922978,8.38250101263399,8.4992029135907,0.115331793533517,0.109571562205115,82.6475524291143
sub-040,1,SM,L,8.00438698300363,3.28087768754249,3.49177768965784,5.92121262680076,6.04062182272346,0.125363683823966,0.104107963726326,150.391985186333
sub-040,1,SM,R,7.99578808134699,3.03622374809742,3.16211932626316,5.01376840423847,5.0909937729638,0.144104611979759,0.0727653074688268,163.0546474178
sub-040,1,VV,L,10.1191923265372,2.23695350276122,2.3457527828597,3.57650076725568,3.64553876442959,0.102849907952485,0.10540293961409,131.584044584512
sub-040,1,VV,R,10.9515584317029,4.40954244723714,4.49907710876658,4.73249935089328,4.81603367335058,0.0871281293399361,0.0927208074436855,140.082153072381
sub-040,2,AUD,L,11.4806253758937,4.68522367546605,4.84156394192188,4.7429385687046,4.89743675620994,0.11576967423905,0.112108814425634,117.448675826463
sub-040,2,AUD,R,12.1035179575467,3.03445570939106,3.07423030056334,4.21533951791472,4.24406146750247,0.125946811919148,0.103668054777799,104.569833915985
sub-040,2,SM,L,8.95596177039808,3.53341713681855,3.82552536489043,8.90347769141962,9.02338753774124,0.136845146496098,0.0967496049661762,106.702092679675
sub-040,2,SM,R,7.4449125655313,4.00544356672671,4.13163451712319,6.42575943539843,6.50516794083469,0.139689238766219,0.0859888717224867,153.430395699638
sub-040,2,VV,L,9.82543215854445,3.98478359367801,4.05570913262453,4.45220835374882,4.51579843496136,0.0868353749296851,0.103660870808644,148.580247027598
sub-040,2,VV,R,9.81956638720975,3.570674351045,3.71981871958325,6.0878101766263,6.17646895337345,0.107351493924737,0.10976466052475,146.677226918734
sub-041,1,AUD,L,10.719477607665,2.77886945235106,2.9200828086685,3.70211343964421,3.80925348280549,0.111258736630242,0.107057360389882,103.261752400098
sub-041,1,AUD,R,11.7500422944569,3.48724584643686,3.55395631470508,4.06829448421517,4.12562018412221,0.118600868735093,0.102758714952878,128.536276939652
sub-041,1,SM,L,11.7599586503504,3.63538356193067,4.2595505300806,5.16424366870794,5.62113598356634,0.135453891857496,0.0908984679201261,117.954429317491
sub-041,1,SM,R,11.4383896539631,3.37273895089761,3.62026570282582,5.30196474638182,5.46276357716776,0.122335465304272,0.0961579429400317,147.323071662282
sub-041,1,VV,L,11.0178231188605,2.74116490374205,3.03252957489585,2.53861181843243,2.85075438398254,0.106838422982277,0.118429489980268,136.777176204963
sub-041,1,VV,R,9.55532354159787,3.64446248762029,3.92421559075009,3.4156246777289,3.71266119086097,0.109851126508874,0.108695687995459,131.095889941205
sub-041,2,AUD,L,13.0050127672688,4.8608084603898,5.04310910798775,3.75645699793586,3.98954380397224,0.111055296673344,0.0967455748937852,121.532336390377
sub-041,2,AUD,R,19.8705638053882,4.71043775330088,4.97113360756492,7.66554341941423,7.82844182653636,0.0736529806598252,0.0908709922455826,66.9685688944619
sub-041,2,SM,L,8.37849687871031,3.55360567385458,3.70543542743083,3.47871209859146,3.63367256181602,0.141948751340711,0.0831561059260947,137.968447848409
sub-041,2,SM,R,9.22753854451977,3.40065323624403,3.73193209662775,5.67530070266172,5.87978850013298,0.122970317436738,0.0660501593678819,152.483417738349
sub-041,2,VV,L,8.96489758780699,3.82469038644434,3.9532634817799,4.34850088080045,4.46200577257998,0.125625793435584,0.106227296480858,103.309702337762
sub-041,2,VV,R,10.214670771614,3.51428331167967,3.63073439504868,3.04059270468391,3.17446830956246,0.0998785500295988,0.102041215179991,168.207095242438
sub-042,1,AUD,L,15.0388634582343,5.54644792562789,5.66170038471199,5.25037486559625,5.37198314254901,0.0913450194421015,0.0899977491174297,90.2100032287584
sub-042,1,AUD,R,12.2857064025224,3.6700913544907,3.8595414979733,2.81969584128813,3.06221727864763,0.0987265826416889,0.111186839945659,114.303577210021
sub-042,1,SM,L,10.1127588958055,3.70548836778846,3.90738706029083,3.54554255897769,3.75604867282557,0.132877666537034,0.0918510039216146,115.242249417597
sub-042,1,SM,R,9.24727522430761,5.23635361362382,5.44011987584647,3.83482985189926,4.1087011438758,0.129264343005932,0.0780419928649219,131.705067843839
sub-042,1,VV,L,12.5292138063553,4.03321916325993,4.30106949846381,6.1910181212284,6.36875556047702,0.103752233242846,0.096342577066789,85.3672869297752
sub-042,1,VV,R,10.4542683030505,4.02860103897706,4.3607939611002,4.13693347293832,4.46106671093791,0.114212425265869,0.0881487675264683,155.147594440562
sub-042,2,AUD,L,9.59717027010937,4.27831231543407,4.42188411347459,4.9486218552114,5.07325941683254,0.118508685611558,0.109632278073603,98.5703844575304
sub-042,2,AUD,R,10.5315095075437,5.51250509269058,5.58106095878569,5.28713206301469,5.35857205610788,0.0983261493561155,0.100373605940922,95.8872693268206
sub-042,2,SM,L,9.86118399272537,5.34024226995282,5.55087826563808,5.47512525089898,5.68076214351331,0.117557912401641,0.103536369020755,112.449009003356
sub-042,2,SM,R,8.22676019195823,5.18859624808708,5.3159045436449,5.5844858036388,5.70296342111051,0.116275205045781,0.0866935510713032,126.516416840542
sub-042,2,VV,L,8.88417858784785,4.04922165824136,4.21966860373064,6.79339999370045,6.89635342497384,0.11852653352843,0.0995549381290135,110.523935654396
sub-042,2,VV,R,9.11445949659791,4.28511979875482,4.38456742001804,3.38090082109599,3.50609043424304,0.0974186466521699,0.118479204622408,137.356958346731
sub-043,1,AUD,L,9.98315964652801,4.85170630850448,5.03136011358503,2.26626618452451,2.62897183471249,0.115752626279993,0.125426740596737,140.830939371017
sub-043,1,AUD,R,9.84397717266108,3.16965998133397,3.33895957342162,4.73261462104958,4.84763321498709,0.113331228311143,0.12548547592089,104.883178767682
sub-043,1,SM,L,9.28146511034535,2.8336712043736,3.15093982708669,3.60891879146123,3.86303302377638,0.135294909842124,0.101697461184444,158.150330019807
sub-043,1,SM,R,8.84184870311599,3.494337784276,3.83359489236046,3.73493728904764,4.05411023545635,0.14384954892154,0.0884951018448932,178.344340258186
sub-043,1,VV,L,9.35500233805663,3.80475531633169,3.99483398688725,4.4071674424125,4.5722708177771,0.114220000265914,0.11230692913441,121.700212842351
sub-043,1,VV,R,10.2971936899723,3.44581170192108,3.63264751181673,3.08551236566295,3.29285532914384,0.111560265684764,0.0931120618174876,155.459711858726
sub-043,2,AUD,L,9.76099038181717,3.12326000218236,3.32293340764219,3.46850505693883,3.64933702477623,0.12176777490867,0.114622365611155,151.879270904632
sub-043,2,AUD,R,13.5277348370232,3.9049997426713,4.09258628741875,3.70541142423881,3.90260340703286,0.0883549292379915,0.101492959492729,109.920004373234
sub-043,2,SM,L,8.95800129969899,4.17039166726608,4.39330333324138,4.13117839380861,4.35609715696729,0.122632947977858,0.0921599188497028,118.374100533891
sub-043,2,SM,R,7.92700144786005,4.07238697436714,4.33069548367508,5.81014408041271,5.99402718866735,0.127204976570077,0.0899871796814769,131.677846066708
sub-043,2,VV,L,9.06565424933479,3.77770877444668,4.02426976671346,5.18521265055282,5.36750349810837,0.120935930084149,0.121426691577879,120.615836179841
sub-043,2,VV,R,8.84548857159933,3.01211149991734,3.23001067084975,4.8749395151726,5.012503219197,0.111072726028032,0.096988775575372,146.232945278155
sub-044,1,AUD,L,14.0597223251431,4.36393980787245,4.62311462644725,5.53335387272425,5.73996718486518,0.105651347931243,0.101339938946803,91.8740365205184
sub-044,1,AUD,R,11.4156248434026,2.93365506939878,3.28867278558172,2.9997425610948,3.34775925915533,0.0912453852994303,0.0937982760220266,108.494087292224
sub-044,1,SM,L,16.2439199993969,4.54585673862025,4.78211162387511,10.859357726382,10.9603571257817,0.11809457316678,0.0720037907332955,62.1241513049586
sub-044,1,SM,R,12.0232569993812,3.84757774242555,4.16383656765021,6.28081370731486,6.47937507048997,0.152106567994072,0.0633075236986281,98.2188685859231
sub-044,1,VV,L,15.0265966767459,5.10506677077659,5.21799663892252,4.98890661338367,5.10440705535743,0.104561735667678,0.0857674352839532,57.8111481706772
sub-044,1,VV,R,12.2489499950017,4.22744733140117,4.369908471918,5.11295183805119,5.23135408965985,0.0945877362758181,0.100758957617837,105.675374877725
sub-044,2,AUD,L,19.5732899157466,6.42134510548926,6.51260174513382,6.38047573146364,6.47230863654737,0.0893092906289586,0.0725120789059582,72.8897971337361
sub-044,2,AUD,R,10.6669174048191,3.34234893578894,3.75847756504483,4.08558056847044,4.43247400216168,0.0998379220642533,0.0931328808491245,95.1207331594929
sub-044,2,SM,L,12.2826656592855,4.47061352310749,4.57870881983821,3.98744499221084,4.10827296437078,0.0963673979431034,0.0788763411736002,93.7070570279256
sub-044,2,SM,R,11.2038683275402,5.24682528712379,5.50924301542951,5.94411302141622,6.17697843778227,0.104659598211874,0.0844970132239779,99.0645107739494
sub-044,2,VV,L,15.9198104399949,5.61203954954579,5.72109100786526,6.30420757316724,6.40147854328903,0.0910946267412289,0.0728644249662079,58.7644246762909
sub-044,2,VV,R,13.3332926346472,5.05150543075505,5.24597511446551,3.07046463693936,3.38087279727275,0.0905457047661384,0.0927498131904134,73.9557922373448
sub-045,1,AUD,L,12.2588639148426,2.88642216161398,2.91980566266833,4.02478785864194,4.04879605806038,0.106763536815886,0.0934269411517563,84.486474362079
sub-045,1,AUD,R,17.378450522856,3.96786847993585,4.17223937997369,4.60246578736764,4.77977954445855,0.0873077523810949,0.0972032178319869,56.9034411565214
sub-045,1,SM,L,8.82210685492768,2.65598519642833,2.73796009193807,4.46495101448583,4.5141949075286,0.136381962863303,0.0993418778241288,126.025188940937
sub-045,1,SM,R,7.86318200911,3.84389921637534,3.97906052105679,3.31946996302024,3.47508881612764,0.130486304082109,0.0840586892998313,150.423620528705
sub-045,1,VV,L,11.014350046527,5.14162089985979,5.23189576509071,4.47235560894112,4.5758532004126,0.1047956170023,0.10291529977833,97.380205341986
sub-045,1,VV,R,10.2024674973603,3.24926751736988,3.29859337976507,3.83144350157327,3.87336264650536,0.0991544802473377,0.0995458269895889,131.271608855971
sub-045,2,AUD,L,12.2600702542269,4.69804492423528,4.88282391027814,3.76248462044766,3.9908186813931,0.0947232602074533,0.104267975417303,115.597027179618
sub-045,2,AUD,R,18.4539437889388,3.6445334155646,3.94923569867007,4.45018292830095,4.70297425910714,0.126812501308653,0.0838139860978279,70.9460548738601
sub-045,2,SM,L,8.02098367854123,3.59754441316694,3.73311327413041,5.28710457525746,5.38026799541514,0.132065236844758,0.10104665731552,132.410931877577
sub-045,2,SM,R,7.7321265676418,5.37357551460496,5.43397294292003,5.2327281607597,5.29473248971396,0.106147258058132,0.098179816156729,128.753014129871
sub-045,2,VV,L,10.6682156044374,5.83173575287036,5.88882366849229,5.7551840620635,5.81302381687175,0.0885229665715039,0.104189563691991,115.138936048986
sub-045,2,VV,R,11.1701072124613,2.41931876892588,2.54153284799632,2.8617464357348,2.96578464730803,0.115161771536742,0.0989110589053334,102.531056282023
sub-046,1,AUD,L,14.6707417330061,4.87535597664428,4.93631516177498,4.46274848425714,4.52926434546581,0.131755918335954,0.0981770211561842,91.2527102998475
sub-046,1,AUD,R,17.9616435703669,3.39270277556927,3.75334760412867,5.88182927043866,6.09697479744274,0.12470542442487,0.0619012877757355,98.1831465763402
sub-046,1,SM,L,7.979159201451,3.29955068417703,3.5206013182409,3.84480032019019,4.03609816861298,0.154886161152099,0.0874925648111656,114.905942995741
sub-046,1,SM,R,8.93538561804066,2.96236646026717,3.24283590567184,4.86078263936029,5.03662362434449,0.152765604335333,0.07531609722013,172.972887104788
sub-046,1,VV,L,8.9043407328114,4.08754136191123,4.2249675058836,3.06122536662747,3.24244611145978,0.114683761112607,0.105685548388148,148.898517805038
sub-046,1,VV,R,9.61575472889383,3.3479426328965,3.4968520411444,3.17637646199783,3.33295990867332,0.130763769523912,0.088193238152265,143.261342171421
sub-046,2,AUD,L,14.215786970768,4.10565749999998,4.18730759030727,3.57734379558886,3.67076422293463,0.114843381712527,0.105416516280737,105.743427595848
sub-046,2,AUD,R,11.7000782663523,3.34650445719225,3.4248538354046,3.16749602031665,3.25016349597983,0.107906753603661,0.0962702711526225,99.4215265391551
sub-046,2,SM,L,8.71777102886959,4.15258169477015,4.33553546846258,5.07825000554092,5.22891539282606,0.131047947743199,0.107365410270608,106.920462910405
sub-046,2,SM,R,8.25018692203049,2.94431650850398,3.21106004886934,3.96332735864063,4.16531759736818,0.128706817259414,0.0874315992998576,127.651862044807
sub-046,2,VV,L,9.99484852367502,5.49216794079327,5.72655865618116,4.47070197564043,4.75570620495013,0.117049509017759,0.106594312131616,126.588283236922
sub-046,2,VV,R,8.61030058614646,3.67470454738918,3.77377529783872,4.43801591108707,4.52038844736124,0.107253873593377,0.0833172294765161,172.18363601004
sub-047,1,AUD,L,10.2949631979551,3.09667363423972,3.46649297007445,2.96470211470339,3.34912593724197,0.103334435152741,0.097474789159443,128.335760019008
sub-047,1,AUD,R,18.0174352486855,3.59322384289734,3.56692413992208,3.81065155977233,3.78586258926393,0.0923214830316935,0.0829740172611662,77.4173529553004
sub-047,1,SM,L,8.71986220453667,3.92219746975848,4.25040053424134,5.50783614522374,5.74617531166012,0.145141192008139,0.074332491964033,165.570585391706
sub-047,1,SM,R,8.52751479538485,3.15799953280859,3.52018926982592,3.4539457488713,3.78794306746081,0.142774640074059,0.0639014555530421,155.851976608158
sub-047,1,VV,L,10.2558779721109,5.16466941075066,5.43086768406955,8.00519748321231,8.17946822383681,0.142080483379394,0.104874141237857,73.512856349806
sub-047,1,VV,R,9.58338247120522,3.55279562116447,3.99837315883925,4.39144761005385,4.7591431270144,0.112335803671615,0.101716022624686,129.571738703921
sub-047,2,AUD,L,10.1778668556032,3.75046491573862,3.89414010779001,4.12090793584005,4.25208446653898,0.100434142128847,0.105647614607037,115.507897361434
sub-047,2,AUD,R,18.4995921780513,4.54499583772643,4.75615606550009,0.614500453261594,1.53024317070896,0.0893908334462605,11.3157955777598,34.001795809471
sub-047,2,SM,L,8.22881645602844,3.67842792061111,4.00074532352161,5.33441357835918,5.56157346454503,0.139711105087431,0.0957283494789602,95.35866574886
sub-047,2,SM,R,7.95834349545597,3.84782193179366,4.07183948027882,4.97737664233483,5.15251602365537,0.128124668680912,0.0717037026746929,90.8362857844924
sub-047,2,VV,L,8.93835910843371,7.99232912623406,8.0746384509675,6.16345148991953,6.26981622700257,0.0740595823937296,0.0976849042016069,61.8564265360374
sub-047,2,VV,R,8.71904736937039,5.92393100578645,6.04569340675694,7.48684667569976,7.58355611521553,0.124344523123497,0.101614072418788,67.4190444074326
sub-048,1,AUD,L,10.4939447614205,4.00573456639865,4.14301221220573,3.2812093373756,3.44745928035788,0.106654082665063,0.118535873690827,138.02679035845
sub-048,1,AUD,R,14.5601591885185,5.4386544877792,5.43103834662274,4.01255061326125,4.0022215467199,0.119631179482435,0.116984207412329,89.4962480500348
sub-048,1,SM,L,10.1164148927802,2.52068055235194,3.15532512896477,3.79804433437123,4.24586704788559,0.164498690891036,0.100472251169785,99.0740241413036
sub-048,1,SM,R,9.34950923349713,3.54938677422824,3.78656462466673,4.83505396847948,5.01175339195977,0.146201988823272,0.082307283574436,131.245469952664
sub-048,1,VV,L,9.41378331628489,3.45851755694914,3.73116891326316,2.44630437152132,2.81863137811602,0.11867888993615,0.131329896142451,112.424614154675
sub-048,1,VV,R,8.89955884710682,2.89952519890564,3.24675511012924,3.21171765703548,3.52835693695734,0.136973500269861,0.103719923969547,134.991518473118
sub-048,2,AUD,L,21.8890531605819,6.54046443254194,7.10849848592553,5.73795367162145,6.37786704696276,0.0694102800200135,0.128212933006048,41.6291012679384
sub-048,2,AUD,R,12.7736512321064,5.58793342711525,5.64089497287733,6.80590632654869,6.84945669633119,0.133326668866463,0.106369071431135,67.5179821362722
sub-048,2,SM,L,10.4262783600551,6.08415613192106,6.26646534585471,5.57927462624916,5.7775373169122,0.104488755916251,0.0972199220624959,76.2540185470616
sub-048,2,SM,R,7.81810897902817,4.13730883862045,4.3051475667949,6.20161283583545,6.31482168484211,0.127933797934255,0.109324477770972,85.7343559011634
sub-048,2,VV,L,9.62331126465861,5.11438615498689,5.18755724260857,4.24378057787216,4.33168304428474,0.0884058982079665,0.1203314153683,106.483542056198
sub-048,2,VV,R,8.78561996738562,4.54220067239728,4.62717962590721,4.49228121109583,4.57818684870432,0.0908765439040981,0.103121846619232,92.4689058277083
sub-049,1,AUD,L,11.6958224009457,2.16303353286896,2.37817310875077,3.02184819849858,3.17939613852046,0.107682226626791,0.0991541284959418,140.747944957583
sub-049,1,AUD,R,10.8430018752285,2.87246945794205,3.20501146356093,2.84711608284381,3.18230854631272,0.113445784736996,0.0760318855835657,196.659251042327
sub-049,1,SM,L,9.48719836348723,5.52405352093977,5.73679530494781,5.74153367704532,5.94649998178002,0.107573782247298,0.0961559493360399,132.64985165901
sub-049,1,SM,R,9.50210172860842,2.92262013403267,3.27996692291222,6.19102690585647,6.36751825412255,0.150154391270826,0.0620695080413384,229.302502685358
sub-049,1,VV,L,11.7967316748246,4.65451008310582,4.79347962776935,9.38355875701427,9.45326175319637,0.116278842456836,0.0667174503325912,94.5565725470379
sub-049,1,VV,R,12.5090640967524,2.95127801434224,3.22618774316212,6.73880234964881,6.86365081744562,0.118205682516604,0.0799666128339438,88.2270317079105
sub-049,2,AUD,L,8.58597425467703,3.80319882096278,4.00707291217388,2.4293008150724,2.7374832422896,0.113524014722758,0.098558237095432,186.238540427028
sub-049,2,AUD,R,10.6106495772404,3.710273114059,3.97466289106856,4.23780327590154,4.4711066999089,0.110711445193424,0.0766694244547858,170.313854761872
sub-049,2,SM,L,9.76038818588173,3.19015486392034,3.42478516264417,3.31659492710225,3.54286145156051,0.132342367056171,0.0969610429140317,94.5128961225198
sub-049,2,SM,R,7.67928333561499,3.34811865905513,3.58041962356299,4.30710839584459,4.49006557404642,0.150466301131798,0.111735745780949,115.707723111675
sub-049,2,VV,L,12.3361452158944,2.76994723459633,3.10666354338743,4.4594880655724,4.67608645090608,0.124053596969326,0.0998056035739935,139.182240308449
sub-049,2,VV,R,11.4213711657925,3.40398335700134,3.36064405783964,3.94421315338758,3.90687127867126,0.112348223942708,0.0753282945012395,120.067621934081
sub-050,1,AUD,L,12.4904702691824,3.54677829509349,3.75534016473987,3.96164256745629,4.1494042115277,0.123574941879504,0.0932161933684759,104.073640895188
sub-050,1,AUD,R,13.2960383379123,5.593761632775,5.68170387369824,6.38010874355277,6.4573506396703,0.112996206044475,0.0808869685210866,98.4993298509089
sub-050,1,SM,L,10.2287270728871,3.91231028996963,4.38447054916581,6.26941862696552,6.57442165605784,0.140209014521733,0.0786834414582882,125.448906020027
sub-050,1,SM,R,9.98378995973241,4.35651196649537,4.69944573188523,3.46465467492478,3.88708447157958,0.1477612159054,0.076839826977518,111.706957045941
sub-050,1,VV,L,11.8605993616022,3.66889057014224,3.84714713174514,3.22045509212922,3.42215049903379,0.114623429278182,0.0898596509144012,116.923653535031
sub-050,1,VV,R,10.6667848282466,2.69667960889356,2.94376001432304,3.31682157598099,3.52064588900926,0.121497580680191,0.0940201340614149,150.014567119979
sub-050,2,AUD,L,10.9686605431334,2.82618249561167,3.03443587434461,3.51689933538317,3.6863361908847,0.115737990008763,0.114418502617948,102.658905607091
sub-050,2,AUD,R,12.3803195421262,3.06645206024986,3.12431785039183,3.28276455870921,3.33688131949335,0.124828998236325,0.0781417382686934,81.462182999131
sub-050,2,SM,L,8.16147605250688,4.25439951950036,4.56857814926665,5.08442544528228,5.35008160153335,0.155167672323085,0.0980414551011493,123.281697893967
sub-050,2,SM,R,8.50357647771714,4.22094358214774,4.42844836678672,6.52287831475006,6.65903384303296,0.160552411492972,0.0918727877881433,134.50182451141
sub-050,2,VV,L,10.1391255199483,2.6661940170984,2.94702246684272,3.89705074857395,4.09430768509466,0.114865774563796,0.106371009731138,131.340335873141
sub-050,2,VV,R,10.3886390296351,3.69758048374717,3.87476808647156,4.03618814907356,4.19911193764495,0.112510643808266,0.0913648157317082,113.705551497011
sub-051,1,AUD,L,11.8750239553979,5.25076442062017,5.3833010200573,4.76563003718169,4.91127605851957,0.0964176189730701,0.10877439525459,156.753489795962
sub-051,1,AUD,R,16.1265961223962,3.96099941689153,4.09353405850399,4.16324738710983,4.28953768065906,0.127438252224787,0.138678776953855,71.8077969844511
sub-051,1,SM,L,11.8020797491181,1.93233190104505,2.2925610663977,4.46222174799244,4.62961689512457,0.157935868786244,0.0725124073352061,124.602998923174
sub-051,1,SM,R,8.80053750460956,3.11016735366588,3.61274382680973,4.15695218503295,4.54522039718571,0.164342679285696,0.0753362276302572,125.107591226197
sub-051,1,VV,R,12.365375539053,2.84665923944492,3.20438522887433,3.17232363116834,3.49689191860143,0.13103190521659,0.0892776304615717,136.168002503987
sub-051,2,AUD,L,10.1390677643183,4.28336906095287,4.46726622387526,3.9869657297121,4.18391117646481,0.109927016196867,0.106375704673553,108.946521123876
sub-051,2,AUD,R,11.6945346419098,4.30229451823725,4.41232811277761,4.95194999662596,5.04784211542291,0.115363888345072,0.104677672655563,101.881860539018
sub-051,2,SM,L,8.20397113842495,3.48955765254207,3.65262682305948,3.70101579690861,3.85515084362282,0.140359403006324,0.110172231616356,95.0530323679025
sub-051,2,SM,R,8.23718851664259,3.34719046491054,3.56197314430555,3.87049468289149,4.05767147051819,0.129230443176323,0.104281266867379,142.968280883952
sub-051,2,VV,R,12.2559598239708,3.94937618576841,4.12294859702842,3.91020541991969,4.0854423631956,0.123758874520132,0.0894431008193384,100.810775273775
sub-052,1,AUD,L,12.5715051471025,4.68307797167397,4.85467118215971,2.79806513672195,3.0766510213953,0.110113213706146,0.112271701489746,107.617480860362
sub-052,1,AUD,R,16.9086473326,3.65310743616969,4.33729268369203,4.99581200044678,5.51589080997968,0.0963140690309046,0.106671375222907,78.6956584146138
sub-052,1,SM,L,8.3640962619626,4.67409749356494,4.78508434186617,4.59668404987262,4.70949562413812,0.15085200317729,0.0957820662612099,121.685574662959
sub-052,1,SM,R,8.26759255897103,3.45272774374927,3.69754836590942,6.13436550568366,6.27542629652401,0.135410688744261,0.100548284007103,106.686411971208
sub-052,1,VV,L,10.2219354012183,3.77212258795098,3.98401221513191,3.67356857798533,3.890829038772,0.103420647548124,0.108328961664225,109.925670429129
sub-052,1,VV,R,14.7490631354091,4.10191209304217,4.24431253677033,4.81546436253089,4.93732752787834,0.096714328532526,0.0986444749567228,95.0410822425593
sub-052,2,AUD,L,11.5297693290479,3.44685915492584,3.55283078068775,3.76832247157766,3.86549127176655,0.103281209262136,0.103917428933051,112.571583856169
sub-052,2,AUD,R,13.3275392334564,4.23577862683904,4.60405730982375,3.00286647088076,3.50324566345195,0.0729931138448528,0.153384288624326,84.868759128571
sub-052,2,SM,L,7.62707893101997,3.71694746448246,3.91415864661333,6.08032506879774,6.20284550826357,0.137292724226975,0.112597217086358,115.108744138541
sub-052,2,SM,R,8.04635926587446,3.0273530069041,3.21688488701197,4.5677819419733,4.69554193009626,0.116190294204057,0.116891045167249,155.528123933048
sub-052,2,VV,L,10.7698089168863,4.86050573336933,5.00478704235072,4.21227298508081,4.37796996974707,0.0758140639738799,0.111864045238518,91.5328919880385
sub-052,2,VV,R,14.6034607577458,4.53998327307988,4.82621456975885,3.38058262481602,3.7562265422516,0.0929981545796275,0.108821129123782,73.4127566784583
sub-053,1,AUD,L,16.8739487943124,2.91600578666057,3.08432730709383,4.43934488931083,4.55167751886015,0.107721654990328,0.100576454239266,114.956641710413
sub-053,1,AUD,R,12.3101823012633,2.83676849163961,3.19617010352264,3.92567530065731,4.19275260678275,0.125020323610941,0.0922148090734289,181.532697357325
sub-053,1,SM,L,8.6928331920195,3.88989526376097,4.13591347702799,2.98404530231286,3.29833617035729,0.14466907201381,0.105736666284623,148.707343884346
sub-053,1,SM,R,8.61893770505646,3.70400448657721,3.98422053368284,5.41760161919732,5.6129111278164,0.144620236783184,0.0838817444728517,178.591671295582
sub-053,1,VV,L,10.3607178242721,2.84199428020892,3.1371493156112,2.808849876522,3.10715496371476,0.115592689935961,0.114290745847096,103.282707102809
sub-053,1,VV,R,11.4579571541161,3.17832134462298,3.40217065085753,2.91011878951262,3.15306675110831,0.0978094742597443,0.0737825066984014,134.397955087299
sub-053,2,AUD,L,9.1349173339603,3.02389456981206,3.31602955625244,4.34759593987629,4.55562334977659,0.112962380671795,0.10853314959017,125.9476441641
sub-053,2,AUD,R,11.1160072757849,4.67081323956647,4.81124176061554,6.66251390632887,6.76170411303298,0.11283213277863,0.0986785378530307,125.923418119835
sub-053,2,SM,L,7.79920561568439,3.90914158437596,4.20380284354695,3.55133331472914,3.8733110813645,0.128399874514753,0.104762997638362,164.944571217003
sub-053,2,SM,R,7.85423606018639,2.1037534768513,2.43256475021247,6.28388599713524,6.40146981540995,0.142002674562088,0.0888240506512865,106.54463878662
sub-053,2,VV,L,9.9765541094289,5.16224654133786,5.26975709031883,5.3549715884125,5.45868767654974,0.0819141246418314,0.0925552842970384,138.122545944404
sub-053,2,VV,R,11.3338730950615,2.61051149276617,2.83516647740988,3.02199866440945,3.21805447878948,0.121312179272868,0.0989935400199724,96.6331701041303
sub-054,1,AUD,L,9.90419581844622,2.8251283837053,3.0147587224616,3.13054369168734,3.30268429853723,0.0986840166872695,0.102424357457077,145.415920303764
sub-054,1,AUD,R,12.1638851848721,2.93468665603474,3.25827786313958,4.32615062536999,4.55187522870587,0.0916330931573212,0.0923084976327383,136.820271160121
sub-054,1,SM,L,9.74588366655525,2.30116951477143,2.72400558915797,2.85841722527757,3.20864057628991,0.136367636138544,0.0833910271506318,124.19989674311
sub-054,1,SM,R,11.0394425726855,3.02526623374503,3.41473510329411,5.89660054523549,6.10557761646699,0.145244601191654,0.0503787465762195,128.819909949294
sub-054,1,VV,L,9.91030462432397,2.98927957778715,3.17802207249034,3.60170056447087,3.75982431174254,0.126002814435665,0.102106463192343,107.871476819853
sub-054,1,VV,R,9.85019089949429,2.65496743502672,2.86863830509803,3.88124821138818,4.03042445938728,0.122813572480517,0.0870703321729188,145.124441421899
sub-054,2,AUD,L,10.6713517406001,3.77753024849118,3.99567557266732,4.57216163876527,4.75398259933092,0.108765981482598,0.103803272984702,118.982870003045
sub-054,2,AUD,R,9.67259087810707,2.58469857461118,2.7330239191103,3.21948584390711,3.33973683393621,0.107441043585952,0.10003048469475,138.551330189318
sub-054,2,SM,L,8.64406032490427,4.0453836877028,4.36144623960451,3.92798895703512,4.25278513057247,0.120142594115164,0.0997839643876257,134.713196296467
sub-054,2,SM,R,8.09887802165097,3.48234588927653,3.72562975779578,6.91153507648616,7.03725097698746,0.131377230890029,0.0765329113548684,140.790394480438
sub-054,2,VV,L,8.75412482670716,5.06090882132761,5.18239038534815,3.84088571486858,3.99959686506513,0.0953095962773366,0.104612047713782,133.133915013498
sub-054,2,VV,R,11.5924890365203,5.3866940232776,5.46508901967006,5.97732340846921,6.04806751135745,0.103606595674826,0.102571246745832,107.025441294663
sub-055,1,AUD,L,10.7027513615295,2.87482156818285,3.11489013836795,3.25741011435364,3.471118289299,0.111059064430583,0.12418777458298,114.086405243196
sub-055,1,AUD,R,11.4693312188332,3.06183478906617,3.1885389452201,2.38935375918324,2.54969796567604,0.123515649802319,0.115043664161186,156.769862559048
sub-055,1,SM,L,10.006286987207,3.68570973652613,4.04397201350403,5.51704086308879,5.76255093418461,0.118087131955072,0.108409617594962,132.32895578342
sub-055,1,SM,R,8.99623651527875,3.39847356717539,3.80347448290989,4.313963538248,4.63972811322928,0.147238566025405,0.0788935666352173,175.742470008003
sub-055,1,VV,L,10.9630970707772,2.77317070582504,2.8813976582899,3.55137844897395,3.63651833343226,0.141547056029067,0.0827850098780592,113.445733802214
sub-055,1,VV,R,12.7766224255991,3.11107318476701,3.28567681738849,2.94560757354362,3.12945678427828,0.111505444332116,0.0939202474292761,88.6006295261816
sub-055,2,AUD,L,12.9148059223645,6.00045065327234,6.21218116060577,4.99927448809728,5.25152664823945,0.0990699751629469,0.0990009777311882,77.2627080999776
sub-055,2,AUD,R,12.1983502279154,4.94577052388058,5.02000568533678,5.77640825741227,5.84009446518018,0.101577475216107,0.0878847336213991,75.8108032058505
sub-055,2,SM,L,9.50434265670158,5.14857374839091,5.44083975277872,5.45099884289621,5.72785421934366,0.120421753450517,0.0904807345081746,103.661109598043
sub-055,2,SM,R,8.43282375015026,3.28539921398881,3.58898662185827,4.30832288737823,4.54407560219969,0.138875627096856,0.0871376174168209,112.932046068089
sub-055,2,VV,L,10.8668533953196,3.50904602015985,3.54033498080072,4.38780279646886,4.41286541664048,0.102181990787754,0.0929659634063961,87.8170085841816
sub-055,2,VV,R,10.5328272961834,2.65968032540513,2.79534900151473,2.86655514550972,2.99286067319722,0.0983789932123624,0.0887665500753859,96.8526733132425
sub-056,1,AUD,L,14.5581153639185,5.72326400723816,5.85651245002761,5.21008221583761,5.35611275801472,0.146226124949423,0.109722729540703,96.4436503091664
sub-056,1,AUD,R,13.1648228516651,8.93128634510715,8.9785361976004,8.52208924262766,8.57159504016804,0.143625082736692,0.100989696493422,105.635422097854
sub-056,1,SM,L,10.8341918425885,2.34498760229464,2.61471972294516,7.69461642889848,7.78106126196917,0.147778775759958,0.0969627489705346,112.260234012135
sub-056,1,SM,R,9.63693021546027,3.18188008715022,3.47933209589171,5.09410248991034,5.28500436349961,0.147678192153493,0.0749496281119243,149.636079663073
sub-056,1,VV,L,11.4825672696299,4.00230403451788,4.20082543113114,6.40183160442551,6.52778251855416,0.151442889140163,0.118500009136298,87.8809003559091
sub-056,1,VV,R,11.936019352624,3.56060704132593,3.69315691927122,5.45677653781419,5.5441767388189,0.139339915003146,0.111357600791259,108.227065948664
sub-056,2,AUD,L,22.2608197542666,5.10548042574307,5.20764502116452,7.11130764669328,7.18500749719389,0.0908735026235167,0.107717312776263,77.1811577123563
sub-056,2,AUD,R,12.7334783208582,3.69175907466349,3.83879844164749,4.86566798024099,4.97815360391555,0.101000819810847,0.093838785936378,104.735995739251
sub-056,2,SM,L,9.19136349734264,4.01894747382835,4.26861398034082,5.14444786880536,5.3417665982918,0.118277703622403,0.110371380026988,101.159755736506
sub-056,2,SM,R,8.8738455853787,3.016649518349,3.41749123930647,4.430674575555,4.71274328270176,0.156751018096962,0.0796160973016782,118.130469584233
sub-056,2,VV,L,10.3145441100245,4.01597893447848,4.19154504404298,2.62923014447248,2.89029656033238,0.118774705251053,0.128211099181105,127.18354401645
sub-056,2,VV,R,13.5439656212643,3.95834135647021,4.0290354255292,3.55859574115678,3.63706802449528,0.106877555674462,0.111648381395649,78.3169380835297
